id,barcode,name,spec,unit,price,brand,supplier,made_in
249458,6911569304116,五香豆干,500g,袋,11.4,雨润,南京雨润食品有限公司,南京
932508,6903148104538,品客薯片海盐黑椒味,110g/罐,桶,12.9,品客,广州宝洁有限公司,上海
223800,6920493496835,仙山玉珠袋装（山椒味）,1000g,袋,19.0,珍珠兰,重庆市黔江区珍珠兰茶业有限责任公司,39
927085,6923415788803,调制甜炼乳（黑底易拉）,350g*48,罐,552.00,熊猫牌,浙江熊猫乳业集团股份有限公司,浙江温州
609547,6943223300394,春之晖莲花壶304,304,2,618.00,-,无锡市五天贸易有限公司,广东
321738,6925993000049,曼奇尼烧烤味通心卷,200g,包,3.80,冠阳,无锡市冠阳食品有限公司,江苏
342836,6925009900783,天喔主意美国扁桃仁 110克,110g,袋,24,天喔,天喔食品(集团)有限公司,上海
959539,6932835326496,2646A-12真彩12色酷丫绘画水彩笔,2646A-12/盒,盒,8,真彩,上海乐美文具有限公司,上海
221630,6920468880522,理想牌即冲燕麦片350+100克,300+100g,包,8.50,理想牌,东莞市日隆食品有限公司,东莞
958494,6931502000073,香辣鱼仔,60*100,包,3.1,口留乡,浏阳市口留乡食品有限公司,长沙
240333,6915683000152,郁江牌横县茉莉花茶100克雪芽（外盒）,100g,盒,124.3,郁江牌,广西壮族自治区横县郁江茶厂,广西
266363,6903966550609,欧珀莱恒久美肌霜50g-,50g,瓶,350.0,欧珀莱,资生堂丽源化妆品有限公司,北京
1039441,6901285991240,怡宝饮用纯净水,350ML,瓶,2.00,怡宝,华润怡宝饮料(中国)有限公司,深圳
761500,6920459996362,康师傅冰红茶1L/瓶,1L/瓶,瓶,4.00,康师傅,杭州顶津食品有限公司,杭州
380376,6923417221032,小米辣,100g,袋,1.6,环阳,云南阳光食品有限公司,通海
434174,6921292706996,嗜美草莓夹心太妃250g,250g,包,9.9,雅客,雅客(中国)有限公司,福建	晋江	
237093,6916549200686,45度 稻花香 新一代 500ml,瓶,瓶,40,稻花香,湖北稻花香酒业股份有限公司,湖北
516991,6932110700003,鳌岛紫菜30克,30g,包,27.90,鳌岛紫菜,漳浦县福利来食品有限公司,福建
612009,6908515200066,大豆油,5L,桶,30.5,火鸟,北京古船油脂有限责任公司,北京
484010,6928915110888,400g宝力杀杀虫水(黑色)600ml,30片/瓶,瓶,17.9,宝力杀,佛山市南海奥帝精细化工有限公司,广东南海
975931,6926433488960,名士威纯味藕粉（未添加白砂糖）700克,700克/袋,袋,17.8,名士威,桂林名士威食品有限公司,桂林
926549,4891338012560,黑人超白牙膏140g矿物盐,支,支,13.00,黑人,深圳市东华通贸易发展有限公司,广东
650920,6907469012770,枪手无味电热蚊香液套装（1只液体蚊香器+1瓶45毫升蚊香液）,1只液体蚊香器+1瓶45毫升蚊香液,盒,22.20,枪手,河北康达有限公司,河北
184952,6930670401330,无感干爽护垫,30片*48包,包,3.0,满爽,临海市满爽卫生用品有限公司,临海
903767,6924903500235,舜华临武大礼盒鸭1.883kg,1.883kg,包,268.00,舜华,湖南临武舜华鸭业发展有限责任公司,临武
870100,6921665710018,思念400g经典猪肉粽,400g/盒,袋,19,思念,郑州思念食品有限公司,河南
548,6921292711747,56g木糖醇超冰味,56g*36瓶,瓶,9.90,雅客,雅客(中国)有限公司,福建
801709,6924816800231,老醉方腐乳300G,300G,瓶,17.2,百草园,绍兴百草园食品有限公司,浙江.绍兴
446254,6926701321142,茅台镇财源滚滚,大礼盒,合,156,利波,成都市九州老窖酒厂,贵州
256735,6908216092656,红枣莲子桂圆晶,900克,盒,46.8,六康,上海长城食品厂有限公司,上海
736328,6930506006104,真空广口壶 HG-3000,HG,个,354.21,HAERS,浙江哈尔斯真空器皿股份有限公司,广东
247287,6911988005410,散装称重蓝莓夹心派,散装称重,盒,73.18,达利园,达利食品集团有限公司,福建
250185,6911316230002,无糖薄荷糖薄荷味,35克（50粒）,斤,10.00,mentos清劲,不凡帝范梅勒糖果(中国)有限公司,四川
287391,6901028024785,娇子,时代/包,包,20.0,娇子,四川中烟工业有限责任公司,四川
650487,6906785010729,56度精品红星二锅头酒,500mL,瓶,62.00,红星牌,北京红星股份有限公司,北京
964701,6934813720333,青松牌6枚吸塑盐蛋 6枚 (装),6枚装,盒,19.60,6枚 (装),湖南青松蛋业有限公司,益阳
773525,6923982787025,可降解保鲜袋,40*30*200个,卷,17.9,云蕾,福州云蕊日用品有限公司,福建
982700,6937451812408,香醇牛奶硬质型奶糖（原味）,40g/40g,罐,10.80,无,不二家(杭州)食品有限公司,杭州
758358,6920235700015,开口松子80g,165*90等不同码数,袋,24.9,虹雅娜,深圳市虹雅娜服饰有限公司,地
742856,6922984902023,驼铃98经典干红,750ml,瓶,58,驼铃,吐鲁番市驼铃酒业有限公司,吐鲁番
923312,6905596001148,酒田鼎级干红礼盒,750ml,瓶,82.17,威龙,威龙葡萄酒股份有限公司,地
587119,6926045978095,男全棉平脚裤,L,盒,41.9,港莎,上海华港服饰有限公司,上海
376584,6923520700639,喜旺香卤猪耳(冷藏~卤肉~猪肉类~香卤)6083_200克,200,袋,18.9,喜旺,烟台喜旺肉类食品有限公司,烟台
331334,6925612100372,蛇油膏,30g*200袋,袋,22.7,康达尔,四川美无度日化有限公司,成都
978256,6907992811482,伊利碎冰葡萄,碎,支,9.70,伊利,内蒙古伊利实业集团股份有限公司,内蒙古
833795,6926031708125,鑫达家用组合工具12件/套,-,套,54.80,鑫达,南通鑫达工具有限公司,江苏
524313,6932592100117,《虎嗅蔷薇》重磅独家预定 极正绝好！纯棉绒里精绣虎头帽子卫衣s/m/l,s/m/l,瓶,54.8,pangjiu,重庆慕斯季服饰有限公司,深圳
496950,6930663300695,191,0,本,28.0,申士,温州市申士文具用品有限公司,广州
1022699,6941708900114,幸花园洋槐蜂蜜500克,500g*20瓶,瓶,98,幸花园,南昌幸花园生态食品有限公司,江西
738551,6932447712069,乔贝诗文胸806/个,/个;806;个;文胸,个,36.00,乔贝诗,汕头市乔贝诗针织有限公司,广东
659938,6907992631530,伊利牛奶片（草莓口味）,32克,袋,4.20,伊利,内蒙古伊利实业集团股份有限公司,内蒙古
341912,6925042528791,高档毛拖鞋,240mm,双,19.7,快鹿,江苏快鹿鞋业有限公司,江都
186547,6936327332460,73246带袖口水肩,0,个,209.00,无,汕头市新姿扬实业有限公司,汕头
441526,6921627000089,练市黄酒,400ml,袋,1.4,练市,浙江练市酒业有限公司,湖州
910833,6902083881412,娃哈哈饮用纯净水,1.5L,瓶,4.00,娃哈哈,杭州娃哈哈集团有限公司,杭州娃哈哈
1013988,6901584030244,张裕萨克斯VS0P白兰地l,640ml,盒,198,张裕,烟台张裕葡萄酿酒股份有限公司,烟台
329676,6925596400352,Q人之初宝宝葡萄糖固体饮料400g葡萄糖饮料,400g,袋,19.00,人之初,江西人之初营养科技股份有限公司,南昌
1025763,6920352510146,雪碧柠檬味汽水,2L,瓶,6.2,雪碧,郑州太古可口可乐饮料有限公司,河南
309,6942717701839,和其正凉茶(植物饮料)550ml,550ml,瓶,4.00,达利园,湖北达利食品有限公司,湖北
222156,6920493200036,酷卡动力强化型运动饮品,450ml*15,袋,17.6,南瑞湾,深圳南瑞湾饮料有限公司,武汉
735049,6901028022750,雪莲（红精品）,红精品/包,盒,32.0,雪莲,红云红河烟草(集团)有限责任公司,新疆
432655,6921253600158,复合袋绿茶200g,2g*100泡*30包,包,9.9,好日子,福建好日子食品有限公司,福建
566321,6903148102831,汰渍衣领净精华无磷洗衣粉洁雅百合型1.8KG,1800G,4,18.13元/袋,汰渍,广州宝洁有限公司,广州
826413,6915581000544,绿叶美国提子300g,300g,袋,13.6,图1,广州绿洲食品有限公司,广州
891079,6925911501641,亮净厨房去重油剂氧漂抗菌配方1L,1L/瓶,瓶,39.0,亮净,威莱(广州)日用品有限公司,广东广州
647066,6932163500162,精纯茶树原液祛痘洁面啫喱 100ml,100ml,包,98.0,魔法医生,维真时代(上海)化妆品有限公司,安徽
381,6902088603217,中華魔丽迅白酷爽薄荷味牙膏,100克/支,支,10.50,中華,联合利华(中国)有限公司,安微
716054,6926199200462,北京二锅头白酒42度4.5L,4500ml,桶,30.0,举世峰,北京市酒中久酒业有限公司,北京通州
593985,6901496077016,梁丰大红枣牛奶,0,10,54,梁丰,江苏梁丰食品集团有限公司,江苏
768351,6934153900150,羊肉白菜水饺400g,400g,袋,3.7,心萌缘,新疆心萌缘农产品深加工有限责任公司,新疆
342461,6925042528982,儿童英文长帮拖鞋,180mm,双,10.1,快鹿,江苏快鹿鞋业有限公司,江都
634715,6922212406316,凯邦多晶冰糖,350g,包,6.9,凯邦,杭州益健食品有限公司,浙江
559281,6927022230168,可爱宝贝婴儿纸尿裤,婴儿,3,59.90,Mignon Baby/可爱宝贝,福建中天妇幼用品有限公司,福建
663107,6920422106217,10度580ml南昌金超爽啤酒,580ml/瓶*12,瓶,0,580ml10度超爽,南昌亚洲啤酒有限公司,南昌
892311,6905596004194,威龙干红,750,瓶,46.7,威龙,威龙葡萄酒股份有限公司,山东
1019681,6915683000138,佰京牌横县茉莉花茶100克小银毫,100G,袋,167.0,佰京牌,广西壮族自治区横县郁江茶厂,广西
393692,6922819600087,阿奇霉素分散片,0.25g*6片,盒,19,天琪,新华制药(高密)有限公司,山东天达
304175,6935041525387,旺仔小馒头_经典原味,125g,包,7.50,旺仔,仙桃旺旺食品有限公司,福州
432007,6921198300243,复方乌鸡口服液,10ml*24支(礼盒装),盒,61,半边天,江西半边天药业有限公司,江西
917853,6930200800107,可可舒东北粳米,5kg,袋,43.3,可可舒,重庆可可香粮油有限公司,重庆
353499,6924569880832,生命维他六瓶装（成人装）,1g/片*60片瓶*6瓶盒,盒,198.00,生命维他,浙江华方生命科技有限公司,浙江杭州
837954,6901028148238,大鸡富贵大吉烤烟型香烟(14~1.1~软包装~烤烟型)2509_20支,20支/包,盒,2.5,大鸡,山东中烟工业有限责任公司,济南
905286,6921034689839,多味花生,110克,包,6,益民,杭州余杭益民食品有限公司,杭州
1032275,6916549998767,喜庆酒,500ml,瓶,18.8,稻花香,湖北稻花香酒业股份有限公司,湖北宜昌
911319,6940008500024,顶美削皮器DM-002,16*6*1,个,3.90,顶美,台州市上好家五金塑胶制品有限公司,G
437566,6921474950056,双唑泰栓,7枚,盒,4,九泰,锦州九泰药业有限责任公司,锦州
1005512,6920174760590,超威电热蚊香液<艾草植物清香型>40ml/瓶*30瓶,40毫升,瓶,14.30,超威,广州立白企业集团有限公司,广州
586925,6903148079805,护舒宝清新瞬洁丝薄夜用,10片/包,3,15.6,护舒宝,广州宝洁有限公司,广东
242566,6914782109155,徐福记熊博士彩豆糖Q弹果汁软糖儿童糖果60g袋装 休闲零食品,60克,包,3.0,熊博士,东莞徐记食品有限公司,东莞
1019614,6903148121856,汰渍三重功效柠檬洗衣皂238GX2特价67折优惠,476G,袋,6.6,汰渍,广州宝洁有限公司,广州
795800,6928054330048,三兄弟东北黑木耳,100g,袋,6.9,三兄弟,青州市正宜调味食品有限公司,青州
444510,6921746900017,咽立爽口含滴丸,25mg*36丸,盒,7,艾纳香,贵州黄果树立爽药业有限公司,贵州
885416,6926614741112,围棋,塑料，玻璃,副,39,星球,浙江星球棋牌有限公司,浙江
185427,6925956333764,R-2027  虫虫牙签瓶（带签）,材质： PS,个,6.5,超诚,揭阳市超诚塑胶实业有限公司,揭阳
1025147,6921565760090,太子奶核桃牛奶复合蛋白饮品250ml*12,250ml*12,盒,58.00,日出,湖南太子奶集团生物科技有限责任公司,湖南
662003,6917921010183,一分钟焗油400ml,400ml,套,35.0,澳宝,澳宝化妆品(惠州)有限公司,广州
669845,6923410765137,紧凑型节能灯 11瓦 冷光 E27 220V PDQ,4.4x4.4x14.2,根,20.79,Philips,飞利浦(中国)投资有限公司,上海
789030,6936110000125,蜂胶,30克,盒,95.6,蜜友,新疆利箭生物科技开发有限公司,伊犁
861677,6908203003702,七匹狼纯棉商务男袜00370,针织品,双,14.4,七匹狼,浙江开倜服饰有限公司,浙江
236351,6917541661413,什锦糕,200g,袋,9.5,春光,海南春光食品有限公司,春光
212230,6920114324332,550g奶皇包,850g,包,7.5,信裕,佛山市顺德区信誉食品有限公司,45
609053,6934508600100,相思卷,25.5cmX16.5cm.包装袋产品,包,13.2,美道佳,浏阳市镇头镇美道佳食品厂,长沙
165810,6926217700097,康王袋装浇切片,-,袋,8.80,康王,常州市西林康王食品厂,常州
279880,6901923020370,休闲鞋,H19#黑色36,双,33.3,以纯,东莞市以纯集团有限公司,虎门
1000644,6932613500186,溢香醇枸杞100g袋装,100g,袋,11.50,溢香醇,芜湖市溢香醇茶叶有限责任公司,安徽
947027,6912003023464,346E花边刺绣棉布伞,防水涂层,把,13.7,天堂伞,杭州天堂伞业集团有限公司,杭州
878723,6920582900373,宝明乐风卷纸,卷纸,袋,108.00,明乐,日照市博园农业开发有限公司,东莞
1008676,6927915061305,健而爽平角棉女士内裤,160盒/箱,盒,17.9,健而爽,中山市康艺内衣服饰有限公司,中山
339710,6925158721574,香格里拉大藏秘干白750ml,750ml,瓶,95.00,香格里拉,香格里拉酒业股份有限公司,香格里拉
848284,6922049001791,EOK5-4,175x125mm,本,0.5,金歌儿,苏州工业园区亚太纸品加工有限公司,江苏苏州
732553,6930182419397,香巴拉雪花三文治300克,300克,袋,15.3,香巴拉,新疆香巴拉食品有限公司,乌市
188863,6902944880820,古越龙山清醇五年黄酒,500ml,瓶,30.0,古越龙山,浙江古越龙山绍兴酒股份有限公司,绍兴
710980,6922163400371,樱玉豆腐蛋制品,110g,支,2.5,祖名,祖名豆制品股份有限公司,杭州
484562,6928973200293,美思奇HCD2968（25）HCD2968（3,HCD2968（3,台,14.6,2）P,惠州市惠阳区美思奇实业发展有限公司,广东
1034347,6907925887546,儿童配方奶粉,400g/盒,袋,56.0,飞鹤,黑龙江飞鹤乳业有限公司,黑龙江
24950,6915846200672,樱花梦冰冰爽野菊花原汁花露水(不分~香水/花露水)4924_(低)185毫升,-,瓶,12.9,樱花梦涤霸,无锡樱花梦美容制品有限公司,无锡
972559,6935306731935,佳韵卡通浴花JY3193,-,包,6.1,佳韵,无锡市佳韵生活用品有限公司,无锡
450801,6926874100056,迁君子500克,500克,包,19.4,徽豪,亳州市润邦食品销售有限公司,上海
281819,6901573004034,双沟,0,瓶,36.3,双沟,江苏双沟酒业股份有限公司,江苏
994612,6925414700114,宏腾下饭菜80G/袋,80;80g;g/袋;袋,袋,180.00,宏腾,四川省宏腾佳味食品有限公司,四川
688304,6932081542381,好有福洋槐蜂蜜礼盒500g*2,1000g,盒,59,好有福,江西意蜂实业有限公司,江西
211866,6920027116819,小辣妹榨菜芯,70g,袋,1,猕猴,桐乡市猕猴菜业有限公司,浙江
737,6907992507613,伊利QQ星 儿童成长牛奶 草莓味饮品 200ml*24,200ML*24（件）,件,49.00,伊利,内蒙古伊利实业集团股份有限公司,河南
837942,6920003400505,陶味园花椒粉18g,18g,瓶,3.00,陶味园,东莞市陶味园食品实业有限公司,广东东莞
845155,6931802400047,德富祥五仁咸油茶400g（10袋）,400克（10袋）,袋,16.80,德富祥,陕西德富祥食品餐饮有限公司,陕西
620046,6920450387756,新御品思圆香辣牛肉面,110克/包,袋,1.5,思圆,河南斯美特食品有限公司,陕西
214474,6920156500114,桂林辣油椒酱,260g,瓶,26.0,矮山,桂林鸿达酱料食品有限公司,[空]
370693,6923764901021,舒莱科学抑菌亲肤棉柔纤巧型（10片）,1*10/包,包,9.50,舒莱,河南舒莱卫生用品有限公司,114
638673,6925302100354,香哆哆脆皮奇味果35G,1*100,包,1,香哆哆,浙江利江食品有限公司,海宁
619793,6903148074015,帮宝适 干爽健康超大包装大码,66片/包,包,82.9,帮宝适,广州宝洁有限公司,广州
159047,6902022132544,蓝月亮彩漂1200g,1.2kg,瓶,22.50,蓝月亮,蓝月亮(中国)有限公司,广州
393860,6922735410616,乐乐宝贝爽身粉盒C41*10*12,1*10*12,个,16.0,乐乐宝贝,深圳市国新实业有限公司,广州
763111,6923492539787,矿物水感亲肤粉饼 N00 9g,9g,盒,69.0,美宝莲,苏州尚美国际化妆品有限公司,苏州
738601,6935915405081,男士冰洁男士印花中领保暖套,-,双,2497.80,波司登,江阴市蓝月亮服饰有限公司,江苏
569642,6926366122788,雪豹木地板清洁剂,750g,11,15.8,雪豹,上海雪豹日用化学有限公司,上海
254944,6908545991880,蓬莱古酿酒,450ml/瓶，属瓶装酒，外为热缩标,瓶,42.4,蓬莱,蓬莱酒业有限公司,安徽
308361,6926595300124,塑柄家用剪155,2003,把,7.2,剪刀,杭州萧山剪刀厂,杭州
950210,6905183200800,蛋白质粉,960g,盒,69,喜滋滋,广东威士雅保健品有限公司,广东
435,6920174700565,立白深海矿物盐精华洗洁精1.1kg,1.1千克,桶,15.60,立白,广州立白企业集团有限公司,广州
631734,6906785010910,52度红星牌红星二锅头酒,100mL,瓶,4.9,红星牌,北京红星股份有限公司,北京
286425,6901180212785,嘉士利花卷饼,190g,包,5.20,嘉士利,广东嘉士利食品集团有限公司,广东
404081,6922408756782,百年迎驾贡四星级（铁盒）,40.3度/42度  450ml；126,瓶,99,迎驾贡酒,安徽迎驾贡酒股份有限公司,安徽
798764,6933867872210,四大名著,1*4*500ml/瓶  52°   优,盒,268.0,酒祖村,汝阳县杜康村酒泉酒业有限公司,河南
433412,6921272432891,阳江桥即食豆豉蒜蓉210g,380克,罐,8.5,阳江桥牌,广东阳江豆豉有限公司,68
224852,6920602300466,美洁21卷高级卷纸,10片,提,18.2,美洁,广东美洁卫生用品有限公司,广东
720054,6928302513872,敏奴肥老男平角裤1387,1*1,盒,24.9,敏奴,中山市小榄镇光大制衣厂,中山
502406,6931025801577,贝亲—产后束腹裤（拉链式）（浅黄色/70cm）,70cm,盒,83.5,贝亲,贝亲管理(上海)有限公司,日本
287603,6901028075589,牡丹低焦油,包,盒,45.00,牡丹,上海烟草集团有限责任公司,长春
669114,6923032700196,世达足球SB415,只,只,138,star,青岛新新体育用品有限公司,广东
800092,6916001000298,冰沙绿豆糕,200g,盒,7.8,莉莉,西安西贝尔食品有限公司,西安
913253,6908061000998,烤肠,260g,根,10.9,得利斯,得利斯集团有限公司,内蒙
864498,6926937400017,盘中餐5L花生原香食用调和油,5L,瓶,69.00,盘中餐,盘中餐粮油食品(长沙)有限公司,香港
750086,6904555991018,紫山糖水荔枝390G 390G/瓶,390;390g;g ;瓶,瓶,19.80,紫山,福建紫山集团股份有限公司,福建
218615,6920306000204,广积桃花香米,10Kg,包,62.5,广积,常德广积米业有限公司,140
371298,6923686000338,鸿兴源精选八角50g,50克,袋,9.50,鸿兴源,山东鸿兴源食品有限公司,山东禹城
1025742,6935041525462,旺仔小馒头_特浓牛奶味,16g,包,1.00,旺仔,仙桃旺旺食品有限公司,河南
583682,6941179200485,佳宜（橄榄、薰衣草、玫瑰）焗油护发素,500ml,瓶,13.8,佳宜,广州洁宜日化用品有限公司,广州
373,6902083893842,娃哈哈营养快线水果酸奶饮品（椰子味）,500g,瓶,4.00,娃哈哈,杭州娃哈哈集团有限公司,河南
240992,6915452000413,局油染发膏4#,200G,盒,68,伕侬丝,厦门市伕侬丝化妆品厂,厦门
517958,6932056600375,08A炒鼎,34cm,个,38.9,震龙,潮州市潮安区彩塘震龙五金厂,潮安
948445,6906318898886,明心橄榄菜,125g,袋,2.75,未,汕头市庆香斋食品有限公司,汕头
692012,6933894649106,女士全棉素色内衣套装（咖啡色）,S,双,16.2,百事,上海棉野实业有限公司,上海
301417,6935412072748,冰糖燕窝饮品,礼盒,盒,168,庆和,桂林庆和食品有限公司,桂林
438496,6921522385021,灵芝胎盘礼盒装,1*6盒*60粒,盒,197,朗力福,苏州朗力福保健品有限公司,江苏	苏州	
159647,6934308860209,洋河精装蓝色世家46度500ml盒,1*6,瓶,138.0,洋河精装蓝色世家46度500ml盒,宿迁市洋河镇贵品酒业有限公司,宿迁
297929,6936072100208,桥头微辣火锅底料,300克×2盒,盒,42,桥头,重庆桥头火锅调料有限公司,重庆
461843,6927553000469,正漆新款小木铲HS-0046,33.5*8.5,个,25.9,可人,福建何适家居有限公司,294
732848,6935780566665,金盾女士内衣/套,-,套,89.00,习礼,江阴市长泾习礼织造厂,浙江
753265,6907374010519,奶黄包,420g,包,11.8,龙凤,上海国福龙凤食品有限公司,杭州
493878,6930500800043,颈椎治疗仪,DFR/JZ CD-1,个,486,东方人,成都东方人健康产业有限责任公司,四川
742178,6932380615519,257陶瓷杯/个,1*48,个,18.00,日旺,乌鲁木齐市日旺玻晶有限公司,浙江
403642,6922408701348,二星百年迎驾,45度  500ml  125x125x,瓶,42.00,迎驾贡酒,安徽迎驾贡酒股份有限公司,安徽霍山
1018304,6928050600497,实用水壶(1L)L054,L054,个,7.8,立信,汕头市立信塑胶制品有限公司,广东
268497,6903633001540,白洋河情缘礼品酒750ml*2,750ml*2瓶,瓶,38.00,白洋河,烟台白洋河酿酒有限责任公司,烟台
434100,6921292707801,果冻500g,500g,包,14.8,雅客,雅客(中国)有限公司,福建
343,6909995113457,旺旺小小酥黑胡椒味20克,20克,包,1.00,旺旺,杭州旺旺食品有限公司,河南
288014,6901028192347,白沙(珍品),200,条,285.0,白沙,湖南中烟工业有限责任公司,长沙
156579,6943421404276,古今文胸,-,个,70.00,潇然,丹阳市古今胸罩厂,丹阳
251991,6910021021394,三笑法国香水香皂(不分~不分)3169_100克,0,袋,2.0,三笑,高露洁三笑有限公司,江苏
247274,6911996888784,莺歌幼滑型花生酱,340g,瓶,14.50,莺歌,山东莺歌食品有限公司,山东
444706,6921734976642,得力7664办公无线装订本(混)-60张-B5(本),7664,本,7,得力,得力集团有限公司,浙江
267502,6904487020268,28度500ML金稻米酒,500ml,瓶,17.3,湘山,桂林湘山酒业有限公司,全州
429624,6921093040466,34度张裕古酿十年窖存,500ml,瓶,24.4,胶东第一窖,山东烟台酿酒有限公司,烟台
20222,6910021010985,三笑超值套装牙刷,0,套,3.4,三笑,高露洁三笑有限公司,广州
736834,6935599000756,一年五粮老陈醋,500ml/瓶,瓶,5.6,陈世家,山西陈世家酿业有限责任公司,山西
689087,6932375637786,南瓜子,120g,袋,36.80,恒香,常州市恒香食品有限公司,常州
401838,6922507800515,陈克明爽滑挂面,900g,把,8.90,陈克明,克明面业股份有限公司,湖南
128,6920790966697,肖家香料 包子饺子料35g,35克,包,3.00,肖家香料,洛阳市肖氏香料有限公司,洛阳
287985,6901028028363,天下秀(软红),条,条,¥15,天下秀,四川中烟工业有限责任公司,四川什邡
273114,6902674109239,31#兰陵陈酿,500mL×6,瓶,16.60,兰陵,山东兰陵美酒股份有限公司,兰陵
914399,6940025200662,福娃桂圆银耳八宝粥,380g,箱,35.3,福娃,福娃集团监利福娃食品有限公司,湖北
918667,6920547851986,蒂花650g柠檬嫩白—清爽美白沐浴露,650g,瓶,14.50,蒂花之秀,名臣健康用品股份有限公司,27
1024882,6921382312182,牛奶味曲奇饼干,200g,袋,5.2,溢东,东莞市溢东食品有限公司,广东
201133,6923250612516,思朗饼干(巧克力)800G,800g;饼干,袋,3.60,思朗,东莞锦泰食品有限公司,广东
283338,6901586102239,佳丽空气清新喷雾薰衣草香320ml,320ml,瓶,13.2,glade 佳丽,上海庄臣有限公司,上海
596737,6941083430886,女士内裤,L,盒,39.9,爱莎,中山市小榄镇金龙制衣厂(普通合伙),中山
211450,6920003400314,胡椒粉,25g,瓶,3.00,陶味园,东莞市陶味园食品实业有限公司,广东东莞
977969,6921734975409,得力4B美术用橡皮擦NO.7540 200A  2块/袋 洁净,1Pcs/件,块,2.00,得力,得力集团有限公司,浙江宁波
962195,6903764844450,50度伊力老朋友,1*6*500ml,瓶,26,伊力牌,新疆伊力特实业股份有限公司,新源
202428,6902212018498,45度西凤百鸟至尊酒（凤尊）,500mL,瓶,138,西凤,陕西西凤酒股份有限公司,陕西
861964,6935493061709,相思背心,件;背心,件,39.00,红豆,红豆集团无锡长江实业有限公司,江苏
47,6920761202090,800加加陈醋,800ml,桶,7.80,加加,加加食品集团股份有限公司,郑州
538134,6934023000089,50g袋装鸡松,50g/袋,袋,13.1,寿之源,江苏长寿集团股份有限公司,南通
301852,6935170428184,修正液,",",瓶,6.5,乐普升,广东乐普升文具有限公司,广东
396788,6922690798859,明兴特级桂圆 500g,500g/袋,袋,28.10,明兴,古田县兴业食用菌有限公司,江苏
954735,6901028112512,南京(硬珍品),南京,包,5.00,南京,江苏中烟工业有限责任公司,南京
237147,6916999320019,透明防水创可贴,63mm*25mm*5片*20包,瓶,65,邦迪,上海强生有限公司,上海
767317,6935694411259,金龙鱼第二代食用调和油,2.5L,瓶,33.8,金龙鱼,上海嘉里食品工业有限公司,上海
316981,6926145800050,水优姿亚马逊白泥净致洁面膏,150ml,包,199.1,水优姿,杭州珂莱生物科技有限公司,广东	东莞	
248188,6911567888953,东古烧烤汁(玻璃瓶)3084_215毫升,瓶,瓶,4.7,东古,鹤山市东古调味食品有限公司,广东
254351,6909210006182,八仙酱,1×24,盒,2.5,湖羊牌,杭州市食品酿造有限公司,杭州
161007,6938055988674,金华火腿,2500g,盒,218,圣味食品,金华圣味食品有限公司,浙江
668365,6922711020075,PJTC007广博25MM彩色长尾票夹,25mm彩色长尾夹/PJTC007/盒,个,12.5,广博,广博集团股份有限公司,广东
860836,6934004600192,乐源香橙多 橙味混合果汁饮料（1.5L）,圆形瓶,瓶,5.2,乐源,浙江乐源生物工程有限公司,浙江
941983,6922040300077,80g纸听装朵花,朵花,听,15.5,东方精制杭白菊厂,桐乡市东方精制杭白菊厂,桐乡
387649,6923052601411,长寿面,200g*20包,袋,1.9,兴盛,厦门兴盛食品有限公司,上海
718763,6910613001117,酒中酒霸（八年陈）,45%vol、250ml、浓香型、建议零,瓶,38,本强,贵州酒中酒(集团)有限责任公司,贵州
217797,6920267396057,楼外楼叫化童鸡罐头400克,400g 固形物含量：不低于85%,400,32.8,楼外楼,杭州楼外楼食品有限公司,杭州
792018,6908133000208,强化型即溶营养麦片,600克,包,16.3,皇世,广东华氏食品工业有限公司,汕头
881695,6924762310860,果汁糖果（青提子味包衣、包衣抛光型凝胶糖果）,105克,袋,7.50,滨崎,广东滨崎控股集团有限公司,广东
795968,6901028150194,泰山(新品),条,条,20.0,泰山,山东中烟工业有限责任公司,青岛
426745,6921021880034,单冻翅尖,1Kg,袋,15.6,永达,河南省淇县永达食业有限公司,河南
633372,6920609000284,闽龙达核桃仁　250g/袋,250g,袋,36.5,闽龙达,上海闽龙实业有限公司,上海
747,6908791300504,三全猪肉馄饨,500g,袋,15.90,三全,三全食品股份有限公司,郑州
983444,6901582000805,源和堂梅汁津楂,1150g,瓶,47.8,源和堂蜜饯,泉州百年源和堂食品有限公司,泉州
878588,6923648160698,依之舍少女弹力棉三角裤,三角裤;弹力棉,盒,14.00,EaSinESS/依之舍,中山市小榄镇依之舍时装厂,广州
375957,6923564100082,1.018L融氏纯玉米胚芽油,1.018L,瓶,24,融氏,上海融氏健康产业股份有限公司,上海
590762,6926027712082,清爽500ml/罐,罐,罐,4.50,三得利,青岛啤酒股份有限公司,上海
265061,6905183201852,维他葡萄糖,400g,袋,9.5,喜滋滋,广东威士雅保健品有限公司,广东
274504,6902613388831,泰奇红豆香沙八宝粥,370克,罐,4.40,泰奇,广州市泰奇食品有限公司,广州
288870,6901028337229,条装世纪风小熊猫烟,条,条,¥100,小熊猫,红云红河烟草(集团)有限责任公司,云南
262301,6905761110118,五福麻油,500ml,瓶,19.80,图案,上海五福调味食品有限公司,上海
614616,6932835301929,2336-36透明塑盒装六角形油画棒36色,油画棒,个,7.00,真彩,上海乐美文具有限公司,上海
233565,6917976031560,洋槐花蜂蜜,1.1千克,瓶,69.80,养蜂农,桂林周氏顺发食品有限公司,广东
248242,6911860181683,西贝延缓型,10只装/盒,盒,10.0,西贝,河南省西贝橡胶有限公司,河南
583650,6941083451102,女士内裤,M,9,32.9,爱莎,中山市小榄镇金龙制衣厂(普通合伙),中山
503880,6931107100017,麻辣牛肉条,35克,包,7.5,马得利,柳州市中元食品有限公司,柳州
385481,6923129510257,透明质酸净白柔肤水,150ml,瓶,34.1,颐莲,山东福瑞达生物工程有限公司,山东
742932,6932835311249,真彩中性笔5162/支,中性笔,支,47.60,真彩,上海乐美文具有限公司,上海
433512,6921237381837,100g福珍优嫩紫菜,100克,包,5.2,福珍,晋江市珍之味食品工业有限公司,福建晋江
362,6901668054173,奥利奥轻甜夹心饼干巧克力味130g,130g/130g,包,19.0,奥利奥,亿滋食品企业管理(上海)有限公司,北京
529942,6932967300074,珊瑚癣净,250毫升,瓶,13,神奇,贵州金桥药业有限公司,贵州
356897,6924370480238,舒神灵胶囊,0.3g*60粒,瓶,15,海外,长春海外制药集团有限公司,长春今来
257457,6908061000196,得利斯鲜嫩鸡肉肠300g,800g/800g,个,45.9,得利斯,得利斯集团有限公司,地
892716,6903148029206,潘婷倍直垂顺发妆滋养水,150ML/瓶,瓶,16.9,潘婷,广州宝洁有限公司,广东
660601,6910613001049,酒中酒霸（八年陈）,45%vol、125ml、浓香型、建议零,瓶,9,本强,贵州酒中酒(集团)有限责任公司,贵州
230977,6918992020255,干吃羊奶片,36克,包,3.6,瑞芙,陕西小羊妙可乳业有限公司,澳大利亚
682765,6928760100287,联想LC11墨盒,无,个,130.8,联想,联想(北京)有限公司,深圳
272148,6902902003537,厨邦 海鲜酱 220g/瓶,220g,瓶,4.9,厨邦,广东美味鲜调味食品有限公司,广东
681673,6928302514107,敏奴男仕全棉三角裤1410,1*1,盒,22.9,敏奴,中山市小榄镇光大制衣厂,中山
257894,6907917011317,奇强速效      WL   洗衣粉,700克+80克,袋,115.1,奇强,南风化工集团股份有限公司,四川
453265,6927110300018,亿养纯磨核桃240ml,240ml,听,10.8,亿养,河北绿宝露食品有限责任公司,厦门
281992,6901584061392,张裕干红葡萄酒,750ml,瓶,128,张裕,烟台张裕葡萄酿酒股份有限公司,河北
701674,6939706600068,65g日日佳香辣牛肉干,65g,袋,16.00,日日佳,福州市仓山区宏盛食品厂,福州
933074,6922016100038,200g五香花生,200g,瓶,9.9,博爱庄园,梅州市博爱农业庄园有限公司,辽宁西丰
508123,6931386400020,黄山毛峰茶,100g,袋,14,扬波,安徽省芜湖市清福茶业有限公司,安徽
331710,6925596400055,幼儿清清宝奶伴,160g,盒,11.9,人之初,江西人之初营养科技股份有限公司,南昌
209122,6922089480945,芦荟清新爽肤沐浴露,800g,瓶,18,诗朗,惠州市博美化妆品有限公司,惠州
990801,6935209900063,特日欣一夜一片立体护围卫生巾,1*1,包,1.45,特日欣,北京特日欣卫生用品有限公司,北京
914491,6921505044327,小钢炮A3复印纸（黑旋风）,A3,本,4.9,黑旋风,亚龙纸制品(昆山)有限公司,广东
158534,6938497700032,180g盼盼领先番茄,500g,包,66.00,盼盼,汉川市晋江福源食品有限公司,汉川
235745,6916999215612,轻巧创可贴,70mm*19mm*8片*20包,盒,50,邦迪,上海强生有限公司,上海
918184,6915581000193,绿叶红昌鱼80g,150g,包,7.3,图1,广州绿洲食品有限公司,广州
789094,6901149750396,龙徽花龙干红,750ml,盒,33.5,龙徽,北京龙徽酿酒有限公司,北京
781992,6903148002254,海飞丝薄荷(400ml),400ml,瓶,38.8,海飞丝,广州宝洁有限公司,广州
271117,6903066000950,王氏中老年原味麦片,8*(600+15),盒,24.7,王氏,南京王氏食品有限公司,南京
490658,6930328900727,茅台镇宫庆酒（原浆）,500ml   53%vol  柔和酱香,瓶,23.3,GUOZHEN,贵州省仁怀市茅台镇国珍酒业(集团)有限公司,贵州
744350,6926251763058,227g蜜瓜奶糖,227g,袋,11.8,草原情,内蒙古泰利达乳业有限公司,呼和浩特
621204,6903148044988,海飞丝去屑洗发露丝质柔滑型5MLX60X8,5ML,袋,0.5,海飞丝,广州宝洁有限公司,广州
732160,6923492538872,睛采造型眼影 璀璨钻石系列03,2.5g,盒,79.0,美宝莲,苏州尚美国际化妆品有限公司,苏州
1008339,6903431120061,53%vol 外牧盒瓷汾,500mL*12盒,瓶,54.0,杏花村,山西杏花村汾酒厂股份有限公司,汾阳
1015199,6921414712393,高梁王,4500ml,瓶,9.0,梅泉,吴川市梅泉酒业有限公司,四川崇州
668410,6922726988308,活泉·温和柔润洁面泡泡150ml,150ml,瓶,58.0,丹姿,广州市白云联佳精细化工厂,广州
430379,6921089584820,大和味烧烤味薯条,40g,盒,5.40,大和味,佛山市顺德区勒流镇大和味食品有限公司,广东
984665,6924748920847,佳宜2084卡通杂物筒,R2084,个,12.7,佳宜,汕头市佳宜塑胶制品有限公司,17
338,6909409023020,鲜虾片,12克,包,1.00,上好佳 Oishi,上好佳(中国)有限公司,河南
650734,6921608461625,500新希望双峰屋顶鲜牛奶,500ml,盒,7.4,新希望双峰,杭州新希望双峰乳业有限公司,杭州
337394,6925303721985,水晶葡萄,500ml/500ml,瓶,2.60,统一,统一企业(中国)投资有限公司,江苏
657589,6936710050773,巨豪威隆男士内裤 5077/盒,5077;内裤;男士;男士内裤;盒,盒,69.00,巨豪威隆,中山市小榄镇圣玛罗制衣厂,广东
283484,6901301336550,虚汗停颗粒,每袋装10克,盒,21,白云山,广州白云山奇星药业有限公司,广东
166813,6923032700493,世达PVC足球SB5165,5号足球,只,76.9,star,青岛新新体育用品有限公司,青岛
989173,6937576588042,蜂蜜,1400ML,瓶,12.8,塔哈其,和硕县万源养蜂场,和硕
211437,6920053200100,衣洁露衣物除菌液1300ml,1300ml,瓶,25.8,衣洁露,娇妍(广州)日用品有限公司,广州
245227,6913189535574,九制梅肉,粒状，塑料袋包装,袋,8.2,同享,广东同享食品有限公司,广东
585449,6920024531028,J-2030A圆珠笔,3蓝支/吊卡,卡,12.9,白雪,青岛昌隆文具有限公司,山东青岛
668369,6922711053011,广博订书钉ZD5301,ZD5301；10# 1000U,盒,0.9,广博,广博集团股份有限公司,广东
179761,6942836700348,160g Kisses 好时之吻 精选巧克力礼盒(牛奶巧克力+杏仁牛奶巧克力),160g,盒,68.20,好时,好时(中国)投资管理有限公司,美国
665032,6921304455911,55克巧克力夹心,55克,包,14.0,格尔,福建格尔食品贸易有限公司,福安
854954,6932033500353,AH8363筒装长尾票夹,铁,筒,13.3,爱华,杭州爱华文具有限公司,杭州
920163,6909931010031,多力葵花籽油,3.5L,瓶,79.1,多力,佳格投资(中国)有限公司,上海
765995,6920602300121,美洁10片,20片,包,29.3,美洁,广东美洁卫生用品有限公司,地
952215,6923117505838,减糖藕粉袋装,360克,包,10.0,甜香园,杭州甜香园食品有限公司,浙江	杭州	
490898,6930349202015,老白茶五年,50g,袋,123.8,品品香,福建品品香茶业有限公司,湖南
718844,6925975584048,王中皇4L钢多功能型电压煲,0,个,8.00,王中皇,金双喜实业发展有限公司,江苏
854513,6905596005856,特选解百纳干红,750ml,瓶,107,威龙,威龙葡萄酒股份有限公司,烟台
288517,6901009905508,华夏长城解白纳干红酒,750ML,瓶,59.2,长城,中粮集团有限公司,河北
942785,6941083472428,男仕内裤,M,盒,55,健将,中山市小榄镇金龙制衣厂(普通合伙),盒
269272,6903508001101,正章皮衣光亮剂(柔软型双棕)_100ml*2,100ml*2,盒,12.5,正章,上海正章洗染有限公司,上海
640965,6938108800052,欧芭印象双重功效洗发乳,720g,条,39.5,欧芭,欧芭化妆品(厦门)有限公司,石家庄
653542,6946091600368,网袋鸭子（K8011）,PVC网鸭（K8011）,只,12.9,母子鸭,义乌市凯利玩具科技有限公司,广州
252069,6911097225686,义丰祥三湘调和芝麻油,180mL,瓶,7.8,义丰祥,湖南省义丰祥实业有限公司,湖南	岳阳	
526403,6932720520107,高钙牛奶,250ml,盒,2.7,欧亚,云南欧亚乳业有限公司,大理
772151,6922442300064,胖子麻辣鱼佐料,175G,袋,7.0,胖子,重庆胖子天骄食品有限公司,重庆
835439,6923578600028,避孕套(多乐士双保螺纹),12只,个,25,多乐士,天津市诚美贸易发展有限公司,广州
612103,6928230289214,1000ml火州王朝解百纳,1000;1000ml;ml,瓶,268.00,Dynasty/王朝,吐鲁番市丝路酒业有限责任公司,吐鲁番
216337,6920267900650,食用调和油,500ml/支,罐,6.5,鸿禧,东莞市永益食品有限公司,东莞
845287,6922838841102,威豹4110拉杆包/个,/个;4110;个;拉杆包,个,149.00,WINPARD/威豹,广东威豹实业有限公司,广东
241797,6915452000543,局油染发膏5#,120ML,盒,43,伕侬丝,厦门市伕侬丝化妆品厂,厦门
372551,6923645199011,中光消毒液450ml,450ml,瓶,7.50,中光,成都中光洗消剂有限公司,成都
980146,6920979002109,三佳桂花莲子西湖藕粉（盒）640g,640克（40克×16）,提,27.9,三佳,杭州三禾食品有限公司,浙江杭州
703610,6947503709297,中性笔,AGPK3701,支,1.60,M&G晨光,上海晨光文具股份有限公司,上海
289252,6901028056175,硬盒精品小熊猫,条,条,200.0,小熊猫,红云红河烟草(集团)有限责任公司,会泽
288392,6901028000215,84硬盒特醇羊城香烟混,包,包,3.10,羊城,广东中烟工业有限责任公司,广东
601255,6920436200734,古榕香油腐乳,320g,瓶,10.4,古榕,桂林古榕食品有限公司,广西桂林
373747,6923607150203,儿童秋梨膏,850g,瓶,14.5,恩济堂,北京天赐园食品有限责任公司,北京
985609,6920079800018,镇江香醋,800ml,袋,25.9,恒隆,镇江市润州区好人缘调味品厂,镇江
591277,6931500341017,永和豆浆无添加蔗糖豆浆粉,20g*30,4,19.50,永和豆浆,上海弘奇永和食品发展有限公司,上海
201374,6935915405067,波司登休闲男袜B4603双,九分;女;打底裤;正品;裤袜;踩脚裤,双,39.00,波司登,江阴市蓝月亮服饰有限公司,江苏
660783,6911569004429,旺润(雨润)王中王火腿肠,115克,支,3.5,旺润,南京雨润食品有限公司,南京
201554,6902635820746,杉杉男袜S2074/双,/双;2074;双;男袜,双,20.00,Firs/杉杉,宁波杉杉股份有限公司,上海
343705,6925019900247,姚记高级精品扑克1付,1付,付,2.50,姚记,上海姚记扑克股份有限公司,上海
738085,6927034990524,精品大号门垫,36*1,块,50,顺大家品,管氏家居用品有限公司,浙江省
216006,6920208942718,康师傅香菇炖鸡面,桶面,桶,4.50,康师傅,重庆顶益食品有限公司,重庆
959868,6937426499702,RF9970海福牌厨具7件套装/套,9970;rf;件;套;套装;牌,套,3.40,海福,揭阳市润丰不锈钢制品厂有限公司,广州
606142,6901798125859,52度泸州老窖精制头曲礼品装,500ml*2,11,165.0,泸州老窖头曲,泸州老窖股份有限公司,四川
426599,6920996900488,连裤袜,双,条,4.6,永春,浙江义乌永春针织有限公司,浙江
564879,6941742300079,东北坊三星小米酒,瓶装，450ML/瓶，12瓶/箱,瓶,6.0,东北坊,吉林省东北坊酒业有限公司,吉林
732647,6936110000064,山花蜜,450克,瓶,116.9,蜜友,新疆利箭生物科技开发有限公司,伊犁
766909,6922556500121,双唑泰栓,7枚,盒,4,得立安,葫芦岛国帝药业有限责任公司,葫芦岛
899252,6920019888786,鹤王牌阿胶浆,300g,瓶,40,鹤王,山东鹤王生物工程有限公司,234
187647,6933391300067,白南瓜子复合食品包装袋 净含量400克,复合食品包装袋 净含量400克,袋,25.0,老安家安莉,陕西老安家安莉炒货食品有限公司,河南
780403,6920734707997,康师傅经典袋鲜虾鱼板面,95克,包,2.50,康师傅,武汉顶益食品有限公司,武汉
710776,6920307200498,糖水草莓,500g,瓶,5.6,兆丰,保定兆丰缘食品有限公司,保定
155646,6932952511904,500G阿旺红薯粉丝,-,袋,50.00,旺迪,常州市旺迪食品有限公司,常州
987777,6931226001790,光奇中性笔GP-317,无,支,18.60,普通,广州市光奇文具有限公司,广东
639484,6919905005918,超皇冰糖杨梅,180,瓶,7.8,超皇,杭州亿客食品有限公司,杭州
286972,6901121302414,维可倚乳霜滋润洗发乳200ml200ml,200ml,瓶,24.2,浪奇维可倚,广州市浪奇实业股份有限公司,广州
289961,6900471000049,甜牛奶,243/250毫升,盒,2.8,蝶泉,云南新希望邓川蝶泉乳业有限公司,大理
609067,6916549400345,绿元帅,500ml,瓶,12.8,稻花香,湖北稻花香酒业股份有限公司,湖北
259743,6907705021030,汉桃叶片,24片/盒,盒,3,益尔,广东和平药业有限公司,广东和平
587775,6938395603008,上好吃75g鱼皮花生粒状,粒状,袋,1.9,RICHDAYS,普宁市好日子食品有限公司,广州
271726,6903056001257,荔波三合一核桃粉固体饮料,800g,包,29.6,荔波,广西桂林荔波食品有限公司,广西	桂林	
219291,6920390000067,花红片,薄膜衣片每片重0.29克。,盒,16,花红,广西壮族自治区花红药业股份有限公司,广西花红
714263,6948195860242,五常香米,10千克,袋,89.20,香满园,益海嘉里食品营销有限公司,黑龙江
291323,6900466000528,雪芙莲椰油洗衣皂,100g/块,块,1,雪芙莲,桂林雪芙莲日化有限公司,桂林
477438,6928458210083,统一鲜味露,380ml玻璃瓶装,瓶,10.00,统一,昆山统万微生物科技有限公司,广州
321483,6926032336297,黑色长尾夹(19mm筒装）,个/个,盒,7.5,comix齐心,深圳齐心集团股份有限公司,广东
878295,6918717037001,洁云柔韧400张压花卫生纸-单包,170mm*220mm*1层 400张/,包,7.00,洁云,上海东冠健康用品股份有限公司,上海
803035,6904508980052,五年女儿红500ml500ml,500ml,瓶,22.9,女儿红,绍兴女儿红酿酒有限公司,浙江	绍兴	
453708,6927040500021,花椒粉,30g/瓶,瓶,6.6,峪林,淄博市淄川峪林调味食品厂,淄川
221137,6920459998939,康师傅鲜果橙橙水果饮品2L,2L,瓶,6.40,康师傅,杭州顶津食品有限公司,杭州
905220,6927915055496,艺俊雅格女装棉内裤,160盒/箱,盒,22.0,艺俊雅格,中山市康艺内衣服饰有限公司,广东
609960,6932835316831,真彩中性笔,真彩中性笔,支,0.90,真彩,上海乐美文具有限公司,上海
592621,6937445307101,兰威LW-0710橡胶篮球（棒）,24.2*24.2*24.2,只,32,兰威,浙江索迪曼工贸有限公司,浙江
897764,6901584190160,张裕加气苹果酒,750毫升/750毫升,瓶,23,张裕,烟台张裕葡萄酿酒股份有限公司,地
182489,6921304455973,56克巧克力夹心,56克,袋,0.9,格尔,福建格尔食品贸易有限公司,福建
732900,6923578600448,天然胶乳橡胶避孕套(多乐士时尚浮点),12只,个,9,多乐士,天津市诚美贸易发展有限公司,广州
985889,6900772001103,伊健婴幼儿纸尿裤日夜用,夜用,包,20.7,伊莲娜,东莞市华兴纸业实业有限公司,广东
250548,6910633000978,科技308g糖水枇杷,308克,瓶,13.0,科技,浙江德尔耀食品科技有限公司,黄岩
652185,6920024523108,FP-3钢笔,1支/热合吊卡,支,5.9,白雪,青岛昌隆文具有限公司,青岛
548821,6910019006402,雕牌高级洗衣皂102g*6,102g*6,组,11.8,雕牌,纳爱斯集团有限公司,浙江丽水
610531,6923686000673,西式鲜味炸鸡配料,1*12袋*45克,袋,16.0,鸿兴源,山东鸿兴源食品有限公司,山东
955029,6930115200016,花旗参茶500ml,500ml/瓶,瓶,8.1,疑山牌,宁远九嶷山茶油科技有限公司,深圳
430970,6921198300250,复方乌鸡口服液,10ml*12支,盒,28,半边天,江西半边天药业有限公司,江西
4184,6901180581584,香芒味威化饼,115g,袋,5.50,嘉士利,广东嘉士利食品集团有限公司,广东
212270,6920028066601,男式休闲服,36333,个,17.1,levis,利惠商业(上海)有限公司,上海
640057,6940517512228,麦吉士芝麻小酥200g,200克,盒,14,麦吉士,浙江麦吉士食品有限公司,杭州
981,6917790979109,安琪面包干酵母13g/F(单连袋通用),13g/袋,包,1.40,安琪,安琪酵母股份有限公司,郑州
766086,6920114324356,550g生肉包,850g,包,7.5,信裕,佛山市顺德区信誉食品有限公司,45
387778,6923055510017,70g羊胎素护手霜,100ml,瓶,19.2,蕾琪,广东蕾琪化妆品有限公司,晋江
386724,6923117505579,加钙藕粉,538克,盒,20.6,甜香园,杭州甜香园食品有限公司,浙江杭州
452623,6927034900271,好帮手家用洗窗刷,36*1,个,29.3,顺大家品,管氏家居用品有限公司,台州
435156,6921382712524,澳雪梦幻海马香水情迷滋润天使沐浴露938ml,938ml/938ml,瓶,36.80,澳雪,广东嘉丹婷日用品有限公司,中山
238921,6915683000084,郁江牌横县茉莉花茶250克一级,250G,包,63.0,郁江牌,广西壮族自治区横县郁江茶厂,横县
947579,6920075800166,巴氏鲜牛奶,980ml/盒,个,13.9,迎春乐,青岛迎春乐食品有限公司,青岛
953199,6935412072670,3合1加钙核桃粉,礼盒,盒,59.8,庆和,桂林庆和食品有限公司,桂林
918932,6922089481232,丝质顺滑洗发露,200g,瓶,18.8,诗朗,惠州市博美化妆品有限公司,广东
589486,6938472000010,乡吧老绿鸡翅,65g/包,袋,4.5,隆十福,温州隆福食品有限公司,浙江
649999,6923145403120,美伊娜多美白晶粹精华液,-,瓶,39.00,缔凡,苏州百美化妆品有限公司,苏州
826718,6903148092286,115g舒肤佳香皂三块装(芦荟),345G,块,14.50,舒肤佳,广州宝洁有限公司,广州
1001229,6901573004782,46度金奖双沟大曲青瓷,0,瓶,78.00,双沟,江苏双沟酒业股份有限公司,江苏
281,6920547852587,400g新倍效去屑洗发露（滋养乌发）,400g,瓶,18.00,蒂花之秀,名臣健康用品股份有限公司,广东
291175,6900082020061,公仔碗仔面-海鲜味(油炸方便面),75克/碗,碗,6.50,公仔面,珠海市金海岸永南食品有限公司,珠海
455541,6927153000173,300g小生意红薯粉丝,袋,袋,10.0,山静梅香,广昌县腾达农副产品有限公司,江西
263618,6905504000881,维尔康香肚,150克,个,22.7,维尔康,济南维尔康实业集团有限公司,济南
196932,6923129523035,颐莲清新暇粉底液30G,盒装,瓶,28.5,颐莲,山东福瑞达生物工程有限公司,山东
196618,6905014081288,西麦家庭特惠装,1.5千克,袋,36.80,西麦燕麦片,桂林西麦食品股份有限公司,桂林
944696,6902018994361,古井贡贡龙瓶38度,500ml,瓶,46,古井贡,安徽古井贡酒股份有限公司,安徽.亳州
290143,6900772001097,伊健婴幼儿纸尿裤日夜用,日用,包,35.4,伊莲娜,东莞市华兴纸业实业有限公司,广东
658864,6903148105207,帮宝适超薄干爽系列超大包装大号88送8片,96CT,包,152,帮宝适,广州宝洁有限公司,广州
744929,6921369100528,500ml巧媳妇白醋,500ml,瓶,22.4,巧媳妇,山东巧媳妇食品集团有限公司,临淄
489874,6930191400034,盱眙龙虾调料（麻辣香40克）,40,袋,20.3,汤正发,盱眙县正味食品有限公司,盱眙
622644,6921665710445,思念320g白玉黑芝麻玉汤圆,320g/袋,袋,19.80,思念,郑州思念食品有限公司,河南
213581,6920143500349,好人家香肠调料五香245g,220g*30,袋,8.7,好人家,四川天味食品集团股份有限公司,四川
626615,6930991210000,雪娇子滋润局油素 120ml/瓶,120ml;120;ml;瓶;素,瓶,10.00,雪娇子,漳州市雪娇子化妆品有限公司,福建
264527,6905183984168,威士雅人参糖280g,100g,盒,49.8,威士雅,广东威士雅保健品有限公司,潮洲安埠
422542,6920850500083,渝兄重庆怪味胡豆,200克,袋,8.9,渝兄,重庆渝兄食品有限公司,地
654762,6927235868318,清润蛇油SOD密,-,瓶,13.90,清润,苏州诗妍生物日化有限公司,广州
742226,6925975562060,王中皇智能电压力锅0626,0,个,13.00,王中皇,金双喜实业发展有限公司,江苏
329127,6925710500159,鱼肉蔬菜配方米粉,560克／罐,罐,48.9,贝智康,上海花冠营养乳品有限公司,上海
708918,6901209201943,950ml脱脂鲜牛奶,950ml（屋型）,盒,15.9,光明,光明乳业股份有限公司,上海
759492,6907420000310,明泡,230V 40W E27,只,1.60,FSL,佛山电器照明股份有限公司,广东
821677,6922838806071,威豹腰包607/个,/个;607;个;腰包,个,139.00,WINPARD/威豹,广东威豹实业有限公司,广州
285931,6901121200956,浪奇天丽按摩健肤香皂(不分~不分)2792_100克100g,100g,盒,21.8,浪奇天丽,广州市浪奇实业股份有限公司,广州
320691,6926032336266,2#黑色长尾夹(筒装）,0,盒,13.6,comix齐心,深圳齐心集团股份有限公司,广东
741772,6928299706011,盛特士童袜601/双,/双;601;双;童袜,双,12.90,盛特士,汕头市潮南区立盛实业有限公司,广东
945377,6903148050149,帮宝适成长特级系列拉拉裤中包装中码24片,24CT,包,66,帮宝适,广州宝洁有限公司,广州
565469,6926045979573,港莎7957男士平脚裤,M,盒,22.0,港莎,上海华港服饰有限公司,上海
713433,6926136750029,长寿花清香葵花籽油1.8L,1.8L,瓶,29.9,长寿花,山东三星玉米产业科技有限公司,山东
810846,6924985421428,大号口杯R2142,R2142,个,17.1,国平鸿盛,汕头市国平鸿盛塑料制品厂,汕头
337902,6925272220076,科龙碳性电池五粒挂卡,R03/R6,节,20.7,科龙,苏州南光电池有限公司,苏州
207875,6922043182120,珍奇味150g开心果,200克,袋,23.2,图案,广东珍奇味集团有限公司,广东
628394,6934267801886,年升防臭鞋垫8111,防臭,双,5.00,年升,瑞安市飞云保健鞋垫厂,瑞安
895633,6921489004836,茶花三角型小袜架0705,0705,个,9.90,茶花,茶花现代家居用品股份有限公司,福建
1004117,6928928003122,巨无霸超级越野车,超级;越野车,24,258.00,无,广东群兴玩具股份有限公司,广东
875687,6904708100427,达立高伏碱性电池,-,2,4.5,达立,常州达立电池有限公司,江苏
386844,6923112820226,得仁堂廿四味喉宝糖24g,24g*30包*8盒/件,包,1.5,得仁堂,潮州市潮安区飘兰保健食品有限公司,潮安
1025707,6925303773915,统一老坛酸菜牛肉单包面121克,面饼+配料121克，面饼：85克,袋,2.64,统一,统一企业(中国)投资有限公司,郑州
912199,6917403000206,包子饺子料,30克,袋,2,振龙,西安振龙调味副食有限公司,西安
669391,6923145403168,美伊娜多活力新生保湿水,-,瓶,5.00,缔凡,苏州百美化妆品有限公司,苏州
533172,6933368300038,马大姐薄荷味硬质果糖100g,102g/袋,袋,5.28,马大姐,北京康贝尔食品有限责任公司,北京
609233,6940446200098,阳光5磅不锈钢聪明塞保温瓶,2L,只,59.9,阳光,上海吉力容器制造有限公司,上海
883425,6922927186060,46度三星金樽,箱,瓶,36.5,今世缘,江苏今世缘酒业股份有限公司,江苏
595988,6925303714840,统一汤达人日式豚骨拉面,面饼+配料130克，面饼：90克,37,10.00,汤达人,统一企业(中国)投资有限公司,江苏
855209,6922623673406,浪莎运动休闲男袜5343/双,5343;休闲;双;男袜,双,29.90,浪莎,浪莎针织有限公司,浙江
281560,6901798118646,52度泸州酒喜装,500*6,瓶,39.5,泸州酒,泸州老窖股份有限公司,泸州
272021,6902921119288,致美斋生抽xo500ml500ml,500ml,瓶,8.8,致美斋,广州致美斋食品有限公司,广州市
362376,6924146500740,野山珍豆筋,400g/袋,袋,26.8,野藤,重庆野山珍商贸有限公司,82
720815,6926032301981,"A4,1.5寸2孔D型号夹","单个商品条码,配",个,12.8,comix齐心,深圳齐心集团股份有限公司,东莞
491618,6930338100728,梦伊俏棉衣,L,台,18.1,梦伊俏,武汉梦伊俏服饰有限公司,广东
477401,6928425579052,小帅虎鸡汁麻辣串,90克,包,3.0,口中香,浏阳市口中香食品有限公司,湖南长沙
375879,6923578600240,天然胶乳橡胶避孕套,12只,合,18,多乐士避孕套 精品活力,天津市诚美贸易发展有限公司,天津
607949,6917694102061,名涛闪亮定型发蜡,120g,11,8.40,名涛,广东倩芬化妆品实业有限公司,广东
438782,6921489003365,茶花印花脚踏卫生桶1501-A  28cm,1501-A,板,75.90,茶花,茶花现代家居用品股份有限公司,福州
406395,6922301300112,抗宫炎片,规格：每片重0.3克；包装：18片/板×,盒,22.0,玉清,怀化正好制药有限公司,广东
400738,6922504800099,迎客果粒派春卷玫瑰花口味,1*200 克*30盒,袋,4.8,迎客牌,天津市第一食品加工厂,天津
669392,6923145403175,美伊娜多活力新生保湿乳,-,瓶,39.00,缔凡美伊娜多,苏州百美化妆品有限公司,苏州
903248,6900066000720,天然豆瓣酱,200g,合,2.3,金钟,宁波市金钟调味食品有限公司,宁波
217881,6920307200825,糖水葡萄,500g,瓶,18.2,兆丰,保定兆丰缘食品有限公司,保定
564110,6933615300958,纯点纸面巾,3包/组×16组/箱,包,4.3,纯点,广西贵糖(集团)股份有限公司,广西
248218,6911988004970,散装称重奶油夹心派,散装称重,盒,13.2,达利园,达利食品集团有限公司,福建
841375,6926027713027,纯生（金牌）480ml,480ml,瓶,7.8,三得利,青岛啤酒股份有限公司,江苏
892834,6904508980038,槽烧女儿红,1000ml,桶,41.4,女儿红,绍兴女儿红酿酒有限公司,浙江	绍兴	
894512,6933272800020,蜢虾酱,80g,袋,4.2,烟海,烟台青洋食品有限公司,烟台
550499,6922507800768,陈克明长寿挂面500g,500g,袋,5.00,陈克明,克明面业股份有限公司,湖南南县
729165,6920177962885,施华蔻多效修护19洗发露,400ml,瓶,66.0,施华蔻,汉高股份有限公司,上海
1016181,6917541621394,椰子软糖,500g,袋,22.5,春光,海南春光食品有限公司,春光
499710,6930871926052,拳王插座QW-2005 2T6M,QW-2005,个,24.4,拳王,宁波拳王电器有限公司,181
755838,6920005771337,双灯卫生纸370克白方块,1*20,包,5,双灯,胜达集团江苏开胜纸业有限公司,江苏射阳
155067,6925220900098,玉蝶常州特产五香萝卜干中礼盒,100克*5袋,盒,20,玉蝶,常州市玉蝶特产食品厂,常州
261013,6906959111924,【甜蜜阿胶枣 美味营养】阿胶金丝枣450g,450克/袋,包,48.0,桃花姬,山东东阿阿胶保健品有限公司,山东
291,6920761200058,500ml特级草菇老抽,500ml,瓶,7.2,加加,加加食品集团股份有限公司,郑州
385338,6923129510325,颐莲透明质酸补水面膜5片,25g,盒,14.80,颐莲,山东福瑞达生物工程有限公司,广东
788737,6927095866899,家传天下酒,2L,瓶,25.6,家传,湖南好味园酒业有限公司,四川
661717,6916432201356,长康山茶籽调和油,5L,瓶,74.9,长康,湖南省长康实业有限责任公司,湖南湘阴
243531,6914068005867,洁柔青春校园卷纸卫生纸(2卷装)JJ007-01,2卷装,包,4.00,洁柔,中顺洁柔纸业股份有限公司,广东
235614,6917440000085,象山港鲜鸡汤烤紫菜,/,包,3.3,象山港,象山方便汤料厂,浙江	象山	
940813,6930249100206,厚汤盆,20cm,个,7.9,红士发,广东恒发五金实业有限公司,广东朝安
853035,6921580290107,30g煮茶蛋,30g,袋,3.4,乐畅,山东乐畅调味品有限公司,山东
256885,6908189203516,光瓶思乡情酒,52°500ml,瓶,13.5,诗仙太白,重庆诗仙太白诗众酒业有限公司,重庆万州
446,6920174788990,立白超威除菌洁厕精500g,500g,瓶,5.00,立白,广州立白企业集团有限公司,广州
423253,6920810102425,佳宝原味酸牛奶200g,200g,袋,2.4,佳宝,济南佳宝乳业有限公司,济南
403480,6922401166311,【两件起售】珍珠天然盈润清爽洁面乳 150g,150g,盒,59.0,京润珍珠,海南京润珍珠生物技术股份有限公司,京润
673106,6924665887490,振汉竹纤维精品男袜,26,双,15.9,振汉,浙江振汉袜业有限公司,浙江
349054,6924710301162,960克洋槐蜂蜜,960克,袋,13.4,南方,江西黑五类食品有限责任公司,南方
319838,6926036289858,川味香500ml,500ml,瓶,39.2,chuangweixiang,四川省川崃香酒业有限公司,四川
238036,6916499960883,金日铁盒美国洋参袋泡茶2g*20（盒）,2g*20（盒）,盒,62.00,金日,金日制药(中国)有限公司,厦门
273488,6902944900856,千福花雕古越龙山十五年陈酿,500ml,盒,980,古越龙山,浙江古越龙山绍兴酒股份有限公司,浙江.绍兴
187665,6927199699928,永真卡通凳,大号,个,17.5,永真,台州市黄岩永真日用品有限公司,台州
742811,6925309400150,清微 杀蟑螂药方便贴 15粒,15粒,盒,14.90,清微,锦州市德泉消杀药品有限责任公司,辽宁
808245,6943117000195,健力LIYG22烟灰缸,112*26,个,9.50,健力玻璃,重庆健力玻璃制品有限公司,重庆
170711,6935306731898,佳韵无指桑拿手套JY3189,-,双,7.5,佳韵,无锡市佳韵生活用品有限公司,无锡
930854,6903148000977,佳洁士牙刷,钻石头,只,55.2,佳洁士,广州宝洁有限公司,广州
457458,6927267500316,AD钙营养葡萄糖,515克,瓶,13,安奇儿,江西绿欣生物制品有限公司,江西
1024070,6901209198656,2.43L鲜牛奶,2.43L,壶,31.9,光明,光明乳业股份有限公司,上海
258669,6908061005627,得利斯无淀粉火腿,50192100,个,22.90,410g,得利斯集团有限公司,诸城
425123,6920908708850,蝶安芬女士内裤,1*2盒,包,10.3,蝶安芬,中山市蝶安芬内衣有限公司,广东
865914,6907858400263,南国椰奶咖啡糖(椰奶，咖啡~粒状~塑料袋)897_200克,200,包,8.9,南国,海南南国食品实业有限公司,南国
436597,6921382712500,638g澳雪海马香水沐浴露(冰点清新),638ml/638ml,组,24.8,澳雪,广东嘉丹婷日用品有限公司,中山
610689,6924248300613,2升橙C多,2L*6瓶/箱,瓶,6.5,沃尔旺,河北沃尔旺食品饮料有限公司,西安
215233,6920174783483,立白洗洁精500克,500克,瓶,4.90,liby立白,广州立白企业集团有限公司,地
943095,6934240101439,哈药 卫生湿巾 单片,单片;湿巾,包,85.00,哈药,哈药集团制药总厂制剂厂,哈尔滨
286283,6901209302954,950ml高钙牛奶,950ml（屋型）,盒,16.7,光明,光明乳业股份有限公司,上海
952908,6922731800435,8片ABC减易.简易&lt;K61&gt;超极薄棉日,K61,包,11.50,ABC,广东景兴健康护理实业股份有限公司,南海
581806,6931005101765,姥山850g糖水雪梨罐头,850g*12瓶,瓶,10.9,姥山,安徽同泰食品集团有限公司,安徽合肥
583612,6940973398978,日晨9036牙刷,9036;牙刷,把,19.90,-,扬州市金日晨刷业有限公司,江苏扬州
948939,6940213200139,标榜之星珍珠美白沐浴露,1680ML,瓶,22.8,Flaunts Star,珠海经济特区标榜化妆品有限公司,G
194256,6920904121844,石榴之乡石榴酒,750ml,瓶,31.2,石榴之乡,新疆和阗玫瑰酒业有限责任公司,和田
667573,6922408721544,双瓶装三星百年迎驾,42度 450ml*2  118x118,盒,120,迎驾贡酒,安徽迎驾贡酒股份有限公司,霍山
248461,6911802000041,川东牌涪陵榨菜,128g,袋,1.5,川东,重庆市涪陵区大石鼓食品有限公司,重庆
273376,6902538000351,乐百氏纯净水,600ml,瓶,1.1,乐百氏,达能(中国)食品饮料有限公司,广东今日集团
204096,6911334142417,双鹿碱性1号2粒卡,2粒卡,节,15.9,双鹿,中银(宁波)电池有限公司,浙江
387667,6923063300051,原味白腐乳300g,腐乳块形整齐，呈浅黄色，滋味鲜美，质地细,瓶,4.7,寇寇,江西寇寇豆制品制造有限公司,江西
434656,6921340970119,200G罗曼诺清爽香体沐浴露（经典）,200ml/瓶,瓶,18.5,罗曼诺,维布络安舍(广东)日用品有限公司,东莞
52994,6922791100186,金顺昌绿豆糕,150克,盒,8.9,金顺昌,桂林市顺昌食品有限公司,广西
414031,6921987380012,力保健 100ml,瓶,瓶,6.0,力保健,上海大正力保健有限公司,上海
855510,6931005102281,80g丁同泰五香鸡蛋,80g*60袋,包,1.6,丁同泰,安徽同泰食品集团有限公司,安微
815946,6947503707422,剪刀,FSS91302,把,3.9,M&G晨光,上海晨光文具股份有限公司,上海
386312,6923146198063,杜蕾斯活力装12只,12只,盒,59.0,杜蕾斯,青岛伦敦杜蕾斯有限公司,英国
290385,6900684000041,特级澄面,200克＊６０包,袋,10.8,白岫牌,上海沪太粮油食品有限公司,上海
232164,6918611000354,麻辣豆腐干,75g,包,3,津津,苏州津津食品有限公司,江苏
891156,6926701321524,茅台镇窖藏老酒,铁盒50°,桶,115.0,利波,成都市九州老窖酒厂,贵州仁怀
924333,6920267900100,番茄沙司,660g,瓶,7.8,凤球,东莞市永益食品有限公司,广东
548227,6920420600854,滩枣,738g,袋,23.3,丝宝宝,山东金城股份有限公司,山东招远
903656,6938495906115,箐润净颜精华素,5mlX2支装,瓶,137.00,资蔻,上海嘉妮生物科技有限公司,上海
192302,6915389895090,好帮手不锈钢压力锅,24cm/24cm,个,336,苏泊尔,浙江苏泊尔股份有限公司,浙江
491170,6930367100010,绿音精选狗头枣1000g 陕西清涧特产陕北延安红枣西安大枣,1000g,袋,58.20,绿音,西安美福莱食品有限公司,陕西
250926,6910718200583,方舟7号真空杯,350ml,个,219,思宝,广东思宝不锈钢制品有限公司,20
447350,6926726000268,枣园天然无核小枣,350g,袋,14.8,枣树园,沧州枣园食品有限公司,沧州
837846,6901028207492,利群（软红长嘴小包）,20支/盒,包,22,利群,浙江中烟工业有限责任公司,杭州
812539,6923028098160,热炎宁颗粒,4g*6袋,盒,8,正清,湖南正清制药集团股份有限公司,湖南
635057,6922531700607,长城干红葡萄酒 750ml/瓶,750ml;750;ml;干红;瓶;葡萄,瓶,298.00,长城干红葡萄酒,河南省民权津美霖葡萄酒业有限公司,民权
659902,6907974201362,开米贝芬滋养型洗手液,500g,瓶,16.8,开米贝芬,西安开米股份有限公司,西安
286535,6901121301431,高富力洗洁精300g,300g,瓶,3.8,高富力,广州市浪奇实业股份有限公司,广州
289688,6900471250529,甜牛奶,243/250毫升,袋,2.7,蝶泉,云南新希望邓川蝶泉乳业有限公司,大理
657590,6930058421639,小佳人薄荷清香型,35*40*8,包,89.00,小佳人,莆田市恒盛日用品有限公司,福建
645011,6926074533180,飞隆女纯棉莱卡内衣 3318A/B/套,3318;内衣;套;女;纯棉;莱卡,套,49.00,FEEROW/飞隆,上海飞隆针织有限公司,上海
275947,6902401001461,感冒清片,0.22g*100片,瓶,5,一力,广州白云山医药集团股份有限公司白云山制药总厂,广州白云山
642607,6923889820252,唐纳兹无核滋补枣 120G/包,120g;120;包;无核,包,24.90,唐纳兹,杭州唐纳兹食品有限公司,杭州
736744,6927498680085,彦黛塑身美体腰封8008#/件,8008;8008#;件;美体,件,45.00,彦黛,汕头市潮阳区谷饶南华针织内衣厂,广东
252237,6910021007701,三笑(高露洁)牙刷(非电动牙刷~软毛)1046_3支,0,支,8.5,三笑,高露洁三笑有限公司,扬州
244586,6913405660660,阿尔发降糖饼干,480克(奶油味),袋,16,阿尔发,天津阿尔发保健品有限公司,天津
590070,4891338011303,黑人牙膏超白140g,140g(盒),支,12.80,黑人,北京中侨华茂商贸有限公司,广东
217364,6920307200146,糖水黄桃,770g,瓶,15.9,兆丰,保定兆丰缘食品有限公司,保定
986,6918149576536,丹丹红油郫县豆瓣_500g圆形,圆柱形,瓶,8.00,丹丹,四川省丹丹郫县豆瓣集团股份有限公司,四川
914098,6924939131335,新疆塔原红花籽油食用油900ml,900ml,瓶,59.0,塔原,中粮塔原红花(新疆)有限公司,新疆
736777,6923977430387,正皇350ml时尚彩色保温杯,350;350ml;ml;保温杯;彩色;,个,78.00,正皇,江西豪享福家居有限公司,厦门
655367,6933458500270,送货单,一式三联无碳复写票据,本,2.6,国增,青岛国增文化用品有限公司,青岛
932676,6925303721633,统一茶里王（无糖）560ml,PET560ml,瓶,3.50,统一,统一企业(中国)投资有限公司,江苏
843433,6922991319319,250ml红旗甜牛奶,250毫升,瓶,1.6,红旗,陕西恒生乳业有限公司,陕西
700841,6938902600032,拉芳营养柔顺护理洗发露（滋润修护）,200ml/200ml,瓶,15.2,拉芳,拉芳家化股份有限公司,广州
843834,6920043522625,振能不锈钢餐杯13.8cm,13.8cm/个,个,23.00,振能,广东振能不锈钢实业有限公司,广东
882314,6920060100196,125ml32度苗寨黑蚂蚁养生酒,125ml/瓶,瓶,9.9,苗寨牌,广西龙湾酒厂,柳州
238790,6915974000021,454g葡萄糖（高钙高铁）,454g*24包/件,包,8.8,麒福,汕头市星辰食品有限公司,4
1011788,6920602300923,美洁卫生巾(组合(混合)装~10片护垫~棉质~护翼~日用~不分)2555_20片,5片全网,提,13.3,新美洁,广东美洁卫生用品有限公司,广东
919585,6925385501031,麻虾酱175G,175G/瓶,瓶,10.9,乡村,南通乡村食品有限公司,南通
603357,6901035604741,青岛啤酒大优8度600,600,瓶,3,青岛啤酒,青岛啤酒股份有限公司,山东
156,6911988009784,好吃点香脆核桃饼,108克,包,5,达利,达利食品集团有限公司,福建
282311,6901798100177,泸州老窖二曲 出口装,38度    500*12,瓶,12.00,泸州老窖系列,泸州老窖股份有限公司,四川
890190,6932041201365,宽粉,360g,袋,14.8,绿帝,厦门绿帝生态股份有限公司,厦门
911020,6903900400014,油咖喱,150g,瓶,5.1,唯加,上海好唯加食品有限公司,上海
609553,6922868286256,心相印抽取式面巾纸180抽*3(DT12180),168mm*210mm,提,15.50,心相印,湖南恒安纸业有限公司,湖南
993672,6931915666095,老黄家醪糟,430克x12瓶,瓶,5.7,老黄家,成都市唐昌红星调味品厂,四川
368058,6923807030251,波力鸡蛋口味卷54g/盒,-,盒,7.30,波力,波力食品工业(昆山)有限公司,江苏	昆山	
238726,6916499920887,金日牌美国洋参胶囊,0.5g*12粒,盒,15.8,金日牌,金日制药(中国)有限公司,厦门
449918,6926873900015,维维豆奶粉560G,560G,袋,24.9,乐万福,姜堰区乐万福食品厂,江苏
433629,6921299301033,永定河二锅头,500ml,瓶,8.9,永定河,保定市大红门酒业有限公司,北京
671518,6923970500209,尿素乳膏,50g,瓶,7,双湖,常州康普药业有限公司,常州
619700,6936571950021,美年达青苹果味汽水600毫升（500毫升+送100毫升）,600毫升（500毫升+送100毫升）,瓶,3.00,美年达,西安百事可乐饮料有限公司,西安
506571,6931317100081,脑白金胶囊、口服液0.25克×10粒+250毫升×1瓶,0.25克×10粒+250毫升×1瓶,盒,68.00,脑白金,无锡健特药业有限公司.,广东珠海
979336,6911754102459,100g陈村粉麻辣牛肉,100g,包,1.3,陈村,佛山市顺德区春晓食品有限公司,番禺
941209,6924694869078,潮州小菜,70g,瓶,15.3,明香园,潮州市桥东明香腌制食品厂,68
231116,6918992961343,能力100金装婴儿配方羊奶粉,800g/罐,袋,14.93,关山,陕西小羊妙可乳业有限公司,443
886053,6903989010043,中老年奶粉,400克,包,31.9,英雄,江西英雄乳业股份有限公司,G
339732,6925158721253,恒美干红礼盒,750mL*2,盒,139,香格里拉,香格里拉酒业股份有限公司,云南
442,6920174764109,立白天然橙结洗洁精460克,460克,瓶,6.50,liby立白,广州立白企业集团有限公司,广州
312047,6926433489691,名士威手磨牛奶加钙黑之麻糊700克,700克/袋,袋,18.5,名士威,桂林名士威食品有限公司,桂林
565511,6921734976819,得力7681办公螺旋本(混)-40张-A5(本),7681,本,4,得力,得力集团有限公司,浙江宁海
562450,6934200711883,醇香原味营养麦片,728g,4,22.5,吉百氏,广东吉百氏食品有限公司,广东
318909,6926089110055,有意思锅巴,100g,袋,1.9,有意思,运城市有意思食品有限公司,山西
961891,6917751460486,妙洁 多功能夹布拖,1入装/个,个,85.00,妙洁,脱普日用化学品(中国)有限公司,无锡
1021628,6930991210093,雪娇子护理洗发露 200ml/瓶,200ml;200;200ml;ml;瓶,瓶,29.80,雪娇子,漳州市雪娇子化妆品有限公司,福建
795077,6927992588900,白单晶冰糖,600g,罐,14.2,太港,深圳市太港食品有限公司,深圳
588308,6922266434686,清风厨房纸巾,2卷,包,8.5,清风,金红叶纸业集团有限公司,江苏苏州
446282,6921734985668,得力8566-6#黑色长尾票夹15mm筒装(60只/筒),6#,60个,15.5,得力,得力集团有限公司,宁波
637105,6930666839833,猴头蘑（金卡压缩）,200克/盒,盒,177.00,天锦,黑龙江天锦食用菌有限公司,大兴安岭
561456,6931500340812,永和多维豆浆粉 600g 低糖,袋,4,19.50,永和豆浆,上海弘奇永和食品发展有限公司,上海
833911,6935306730907,长柄清洁刷,-,只,10.9,佳韵,无锡市佳韵生活用品有限公司,无锡
651360,6919905005567,超皇冰糖杨梅,180,罐,9.9,超皇,杭州亿客食品有限公司,杭州
754587,6904007602127,葡萄味酸牛奶饮品,200ml,袋,1.3,银桥,西安银桥乳业(集团)有限公司,西安
973069,6921489009732,茶花塑料正品1710小号套装畚斗扫帚扫把簸箕套装 0.52kg,1710,只,48.00,茶花,茶花现代家居用品股份有限公司,福建
889732,6908308000026,妇健药物卫生巾(16P),16片,包,11.3,FUNJAN,广东妇健企业有限公司,福建
284426,6901347993410,椰汁,1Lx12盒,箱,142.6,椰树,椰树集团有限公司,海南
785750,6901177050482,105克上海防酸牙膏A,105g,20,2.20,上海防酸,上海美加净日化有限公司,上海
887547,6923557933840,金健强力玉带面 500g/支,500g,包,4.50,金健,金健米业股份有限公司,G
925791,6922258201210,青岛啤酒大优600ml*12瓶装,600ml*12瓶,件,42.00,青岛啤酒,青岛啤酒上海松江制造有限公司,青岛
299840,6935412072304,牛奶加钙即溶营养麦片,塑料袋,袋,29.80,庆和,桂林庆和食品有限公司,荔浦
803122,6920451500482,39度趵突泉特酿,490ml,瓶,26.0,趵突泉,济南趵突泉酿酒有限责任公司,济南
464620,6927701900054,14豪华型快餐杯,14cm,只,24.3,荣丰,潮州市潮安区彩塘镇荣丰不锈钢制品厂,20
732444,6932380616684,2#三脚果盘/个,1*18,个,17.30,日旺,乌鲁木齐市日旺玻晶有限公司,浙江
371663,6923696800317,【体验店2】香香嘴75g五香豆干,75g,袋,3.6,香香嘴,成都香香嘴食品有限公司,成都
294922,6936717800029,花生调和油,1.8L,瓶,8.5,金福门,江西省金福门油脂实业有限公司,江西
891167,6940250300045,恒谊 下饭菜 240g/瓶,240g,瓶,5.5,恒谊,四川省恒谊食品有限公司,四川眉山
526702,6932833530093,原味e+益生菌酸牛奶,490g,盒,6.5,光明,光明乳业（泾阳）有限公司,上海
707357,4987072051009,小林制药 祛痘膏 去痘印粉刺暗疮膏 18g,18g,支,129.0,小林制药,小林制药,日本
368946,6923878310115,酒石酸美托洛尔片,片,合,14,阿斯利康,阿斯利康制药有限公司,江苏无锡
288003,6901028055321,200支装小红河,84mm 软/条,条,¥30,红河,红云红河烟草(集团)有限责任公司,红河
604264,6901028075091,84’S红双喜/条,条,7,¥65,红双喜（上海）,上海烟草集团有限责任公司,上海
179654,6948195860143,清香稻,10千克,袋,87.89,金龙鱼,益海嘉里食品营销有限公司,黑龙江
853555,6928298600242,双面娃娃喜30*35cm,30*35cm,个,15.8,qicai 麒才,上海常旭日用品有限公司,佛山
242096,6914394604307,新3段幼童奶粉,900g/听,罐,93.3,和氏,陕西和氏乳品有限公司,陕西
286338,6901028345422,五一(黄),84mm 硬/包,包,5.0,五一,浙江中烟工业有限责任公司,浙江
996803,6942070210870,清润护彩润唇膏SPF13 LS206卡装 橘红 1.9克,1.9G,支,22.0,美宝莲,欧莱雅(中国)有限公司,苏州
187531,6938902600278,雨洁清爽/深度去屑洗发露400ml,400ml/400ml,瓶,29.00,雨洁,拉芳家化股份有限公司,广州
918276,6932033500773,爱华圆规套装,AH1203,个,17.5,爱华,杭州爱华文具有限公司,广东
1010322,6903148109182,护舒宝瞬洁贴身卫生巾买三送一促销装,1套,组,17.2,护舒宝,广州宝洁有限公司,广州
833412,6930642700195,竹炭皂,110克,块,6.2,卖炭翁,浙江卖炭翁生态开发有限公司,浙江
50,6920761202205,800ml红烧老抽王,800ml,壶,7.5,加加,加加食品集团股份有限公司,郑州
234180,6918254103337,红油泡豇豆,100g/袋,袋,1.90,乐宝,四川李记酱菜调味品有限公司,四川
915944,6904508008343,女儿红六年陈干红黄酒,500ml,瓶,12.7,女儿红,绍兴女儿红酿酒有限公司,浙江绍兴
907079,6924561820881,益母草颗粒,15g*10袋,盒,5,日田,广西日田药业集团有限责任公司,广西
289629,6901028012454,84硬盒甲天下,珍品/包,盒,8.0,甲天下,广西中烟工业有限责任公司,柳州
807137,6901009902675,沙城长城名品珍藏级赤霞珠干红,750ML,盒,368,长城,中粮集团有限公司,沙城
923629,6924994120022,好家风柔情面巾纸568张（实惠装）,568张,包,46,好家风,广东比伦生活用纸有限公司,广州
315124,6926282200096,项链女 气质尚百搭高档 70厘米墨兰色长方形项链首饰盒 22×9.4×3.7(厘米),长方形项链首饰盒 22×9.4×3.7(,台,24.7,晶柜,上海涵凡服饰有限公司,宁波
384776,6923286604097,姚生记椒盐手剥山核桃,500g,包,60.80,姚生记,杭州民泽科技有限公司,杭州
690669,6933121700013,蒸肉粉,160克,包,2,圣草,江西省新干县曾氏调味食品厂,新干
6,6901294172159,六神冰凉超爽沐浴露200ml,200ml,瓶,10.50,六神,上海家化联合股份有限公司,上海
340297,6925210768837,金河果味酸奶小牧屋酸奶酸奶屋顶包 小牧屋100g*袋,6*100g,袋,9.70,酸奶,宁夏金河科技股份有限公司,银川
1025701,6925303718329,小当家系列香葱袋,30克*44入,件,21.00,统一小当家,统一企业(中国)投资有限公司,郑州
640499,6934919143180,契尔氏清爽润肤沐浴露 200ML / 瓶,200ml;200;ml;沐浴露;瓶,瓶,250.00,契尔氏（洁面产品）,广州市九红精细化工有限公司,广州
960021,4903301133964,200g狮王咸味牙膏1*10,200g/支,盒,12.8,狮王,LION 日本狮王,台湾
582544,6934853608622,雨沐活力香薰沐浴露（玫瑰花香）,550克,11,22,雨沐,汕头市雨沐经贸有限公司,广东
710047,6901028194600,芙蓉王(蔚蓝星空),200,条,429,芙蓉王,湖南中烟工业有限责任公司,贵州
1017519,6920828400117,赞德儿童内衣,11,套,36.1,多得利,江阴市香山针纺服饰有限公司,广东
416849,6900067022158,均瑶乳贝贝原味乳饮料,120ml,箱,60.00,均瑶,均瑶集团乳业股份有限公司,上海
188013,6924187832275,怪U味五香味怪味豆,130克,袋,4.5,洽洽,洽洽食品股份有限公司,安徽
1008291,6928694700027,1000g 盐水鸭 精品麻鸭,1千克/袋,只,28.8,白雪,南京梅花鸭有限公司,南京
407669,6922253900323,决明子养生枕43*70cm,43*70cm,条,59.2,问雅,福州金源飞环保科技有限公司,19
979041,6934023000836,香酥听装猪肉松,160g/听,听,36,寿之源,江苏长寿集团股份有限公司,南通
1008595,6920268205778,85g柏丽丝啫喱水(保湿定型)绿,130,支,2.3,柏丽丝,广州市宝丽化妆品有限公司,广州
884849,6931087306300,100g美肤堂斑干净美白洁面乳,140,支,30.00,无,广州市婷采化妆品有限公司,深圳
854343,6947359130009,拉杆箱粗布小号,-,个,44.50,广州,无锡招商城锦屏皮具商行,广东
290256,6900479003028,兰若天兰葵啫喱水200ml,200ml,瓶,16.5,有情兰若,汕头市友情精细化工实业有限公司,广州
426654,6920945900217,简装龙虎豹露酒,150ml,瓶,5.5,龙虎豹,广东龙虎豹酒业有限公司,湛江
763641,6935478900375,红豆南国彩棉立体提花_647A-1/套,-,套,139.00,红豆,红豆集团无锡南国企业有限公司,无锡
234185,6918678310014,李锦记财神耗油,255g/255g,桶,7.80,调味品,李锦记(广州)食品有限公司,地
262129,6905596000318,威龙白兰地500VO,500ml/瓶,瓶,27.8,威龙,威龙葡萄酒股份有限公司,龙口
621277,6942295300097,张裕黄金冰谷蓝钻375ML,375ml*6盒,瓶,389.00,黃金冰谷,辽宁张裕冰酒酒庄有限公司,烟台
254823,6908873000162,糯米善酿酒八年陈酿,3l,双瓶,7,白塔,绍兴白塔酿酒有限公司,浙江绍兴
192599,6932120400085,福兴长枕芯,45*120cm,个,99.0,福兴,福州福兴纺织装饰用品有限公司,福州
287298,6901028140782,石狮（如意）,84mm 硬,包,46.3,石狮,福建中烟工业有限责任公司,厦门
648926,6902884100354,大富豪啤酒,瓶装580ml,瓶,3.2,大富豪,百威英博大富豪(江苏)啤酒有限公司,通州
287,6920547857018,蒂花之秀倍效弹力素〔清爽自然〕300g,300g,瓶,13.00,蒂花之秀,名臣健康用品股份有限公司,广东
156781,6937320700065,黄豆酿造酱油1000ml,1000ml,瓶,7.50,北和,北京和田宽食品有限公司,北京
562236,6933368300519,马大姐咸话梅硬糖100g,100G/100G,包,4.80,马大姐,北京康贝尔食品有限责任公司,北京
925036,6930182419229,香巴拉孜然牛肉肠350克,350克,袋,29.6,香巴拉,新疆香巴拉食品有限公司,新疆
251062,6910633000688,糖水枇杷罐头,450g,瓶,10.45,科技牌,浙江德尔耀食品科技有限公司,黄岩
719720,6907620197995,480ml六年陈乾昌虫草,480ml,瓶,19.8,乾昌,湖州乾昌酒业有限责任公司,浙江
962571,6902644111156,21148唇膏,A015#,支,23.4,恒芳,广东恒芳生物科技有限公司,广东
258944,6907974201157,开米涤王香薰衣物柔顺剂（百花香型）,500G,袋,14.9,开米涤王,西安开米股份有限公司,西安
271066,6903293447016,金枫特黄黄酒,400毫升,袋,1.6,金枫,上海石库门酿酒有限公司,上海
212570,6920060100271,500ml32度苗寨黑蚂蚁养生酒,500ml/瓶,瓶,45,苗寨牌,广西龙湾酒厂,广西
799223,6921552423564,店小二金牌,1*6,11,41.10,店小二,安徽井中集团店小二酿酒有限公司,安徽
424372,6920940900045,修道纸艺大礼盒茶叶,250g,袋,34.8,文新茶叶,信阳市文新茶叶有限责任公司,地
251213,6910491933357,肛泰栓,1g*6粒,盒,13,荣昌制药,烟台荣昌制药股份有限公司,山东
395507,6922731800350,8片ABC减翼.简易&lt;K63&gt;超极薄棉日,8Pcs/片,包,11.90,ABC,广东景兴健康护理实业股份有限公司,南海
586571,6930867600157,贝克龙男士内裤,内裤;男士;男士内裤,盒,28.80,贝克龙,苍南县宜山华丰制衣厂,浙江温州
411670,6922017021264,滩枣,454g,袋,14.2,长思,山东滨州健源食品有限公司,山东
451979,6927051167923,旭光深色美帆真空杯,360,个,3.8,旭光,永康市新多杯业有限公司,362
496313,6930653601375,非凡之恋保暖内衣,-,套,15.3,非凡之恋,无锡非凡之恋服饰有限公司,无锡
288738,6901028046770,香格里拉条装,84mm 硬/条,条,¥80,香格里拉,红云红河烟草(集团)有限责任公司,昆明
282762,6901434004630,壶中岁月（元）,500ml,盒,58,壶中岁月,四川绵竹剑南春酒厂有限公司,四川
658858,6903148098295,帮宝适超薄干爽加大号76片送加大号8片,84CT,包,155,帮宝适,广州宝洁有限公司,广州
961752,6927462206778,美味王火腿肠,28克×8支,袋,5.2,临沂金锣投资有限公司,临沂金锣投资有限公司,山东临沂
274921,6902595000660,阿里山低聚糖话梅西瓜子400g,1*16/袋,包,12.4,阿里山,江苏阿里山食品有限公司,江苏
330077,6925596400314,婴儿营养米粉,360g,袋,10,人之初,江西人之初营养科技股份有限公司,南昌
774910,6931008370724,彩奇诗莫代尔休闲衫 7072/套,7072;休闲;套;莫代尔,套,179.00,CQS/彩奇诗,汕头市好的实业有限公司,广东
277387,6902083882815,娃哈哈乳酸菌饮品,100ml,排,7.70,娃哈哈,杭州娃哈哈集团有限公司,杭州
350265,6924665871017,振汉运动男袜,26,双,7.9,振汉,浙江振汉袜业有限公司,上海
633985,6921342573004,乐妃貂油护肤防冻膏,-,盒,50.00,华诺,张家港华诺日用品有限公司,湖南张家港
489904,6930209600029,恒业牌小太阳卫生卷筒纸,10卷/提,条,17.3,恒业,广西南宁恒业纸业有限责任公司,广东
361404,6924147500466,糖水桔子罐头,450克,瓶,8.6,兆宝,河北理想企业集团有限公司,河北
936113,6901025400452,王朝庄园橡木桶干红葡萄酒12度750ml,750ml,瓶,98.00,王朝,中法合营王朝葡萄酿酒有限公司,天津
561412,6931390110311,万家君舒B-133斜纹被套,133;被套,套,115.50,万家,佳木斯今水蛙居餐饮管理有限公司,上海
823281,6930506019180,哈尔斯双层工艺玻璃杯HBL-280-3,哈尔斯双层工艺玻璃杯HBL,只,46.0,HAERS,浙江哈尔斯真空器皿股份有限公司,G
984499,6925009905054,麦可爱快熟燕麦片,680g/680g,瓶,8.9,麦可爱,天喔食品(集团)有限公司,上海
615737,6921665710407,思念320g金玉豆沙玉汤圆,320g/袋,袋,15.80,思念,郑州思念食品有限公司,河南
959007,6921340970799,罗曼诺清爽香皂（经典）,120G,块,6.9,罗曼诺,维布络安舍(广东)日用品有限公司,东莞
284760,6901209112416,300ml100%苹果汁,300ml,瓶,9.8,光明,光明乳业股份有限公司,上海
271482,6902944910145,古越龙山香雪绍兴酒礼盒,640ml*2瓶,盒,28.0,古越龙山,浙江古越龙山绍兴酒股份有限公司,绍兴
470906,6927998700146,大钢胆保温瓶20*15,20*15,个,28.1,康加好,汕头市康加好工贸有限公司,17
290234,6900471250680,蝶泉全脂甜奶粉,袋,袋,38.5,蝶泉,云南新希望邓川蝶泉乳业有限公司,大理
608409,6940306600013,庭美200支袋装牙签,TD,4,1.5,庭美牙签,广州市白云区泰达日用制品厂,广州
221363,6920445804022,橄榄皇175g,175g,包,10.3,熊记,汕头市熊记食品有限公司,汕头
321201,6926032329916,文件夹,0,个,11.0,comix齐心,深圳齐心集团股份有限公司,51
409537,6922218200017,真酉子鸡肉汤(180g),180g,袋,3.9,珍酉子,无锡市珍酉子工贸有限公司,无锡
484231,6928849912053,养胃舒颗粒,10g*6袋,盒,14.50,养胃舒,合肥华润神鹿药业有限公司,双鹤药业
815410,6943962601080,发热水袋,枕型,个,75.00,无,宁波市镇海区蟹浦柯美电器厂,宁波
807253,6923523000057,aorda韩版双肩包HB-8原创定型双肩包,原创定型双肩包,听,21.7,aorda奥尔达,广州千比箱包有限公司,福建
907291,6930684501125,新威刀片,BT112,排,16.4,百利,广州威的科技有限公司,101
725890,6903148113783,海飞丝丝质柔滑洗发露750ML送强根护发180ML,1套,组,78.9,海飞丝,广州宝洁有限公司,广州
225644,6920609900720,280g芝麻杆,280g*18,袋,15.3,芝麻官,重庆芝麻官实业股份有限公司,重庆
421,6927859201010,舒服佳超强低缩澡巾,30*20（cm）   800条/一件,条,25.2,舒服佳,石家庄市龙泰针纺制品有限公司,无极
617166,6920525323436,韩川秀抗皱活肤洁面乳120克瓶,120;120克;克;洁面乳;瓶,瓶,18.00,无,汕头市澄海区雅威日用化工厂,广州
435051,6921316908139,锐意笔记本,本,本,2.9,莱特,武汉莱特纸品有限公司,河北.武汉
560867,6930504000050,蛋黄派,18g*8,袋,2.6,宏顺,义乌市宏顺食品有限公司,浙江
217330,6920307200450,糖水黄桃,500g/瓶,瓶,9.8,兆丰,保定兆丰缘食品有限公司,保定
699,6926718445015,自然草本辣汤火锅底料,238g,袋,16.8,草原红太阳,内蒙古红太阳食品有限公司,内蒙古
940196,6927844106108,金福园吉祥如意月饼 480ML/盒,480;480ml;ml;吉祥如意;盒,盒,9.80,吉祥如意,宁波金福园食品工业有限公司,宁波
969127,6934665082092,蒙牛大果粒酸牛奶草莓味葡萄苹果味桂子椰果味芦荟黄桃味蓝莓味三角杯260g*杯 葡萄苹果味,260g/260g,杯,9.00,蒙牛,内蒙古蒙牛乳业(集团)股份有限公司,马鞍山
851120,6921011900520,楚汉香辣牛肉干,80g,袋,27.0,楚汉,南京楚汉食品有限公司,都匀
564515,6936729130381,盼盼豆地主裹衣蚕豆,衣,罐,10.80,盼盼豆,福建盼盼生物科技股份有限公司,福建晋江
694759,6935306732093,佳韵仿真丝台布JY3209,-,个,7.9,佳韵,无锡市佳韵生活用品有限公司,无锡
633949,6921304456260,56克鲜奶香脆,56克,包,0.9,格尔,福建格尔食品贸易有限公司,福建
619944,6941708900060,幸花园洋槐蜂蜜1000克,1000g*20瓶,瓶,15.2,幸花园,南昌幸花园生态食品有限公司,江西
647295,6930044167756,华味亨盐津半李96g,96g,包,4.90,华味亨,杭州华味亨食品有限公司,杭州
260882,6906366200921,口子窖(五年)40.8度,40.8度400ml,瓶,88.00,口子,安徽口子酒业股份有限公司,安徽淮北
1005681,5000219022317,83硬盒555,20支/包,盒,15.00,三五,为英美烟草公司产品。,英国
361,6901668054074,奥利奥130G夹心巧克力,130g/130g,包,19.0,奥利奥,亿滋食品企业管理(上海)有限公司,江苏
970215,6923173695153,辉煌二套装保鲜盒9894,9894,只,11.80,辉煌,汕头市辉煌塑胶厂有限公司,汕头
656893,6924741673085,华义丝光羊毛九分裤 308/条,308;九分;九分裤;条;羊毛;裤,条,59.00,华义,上海华义纺织品有限公司,上海
624651,6926734100141,靓洁食品保鲜膜20CM*20PE10,-,卷,12.90,金利,无锡市金利大纸塑制品有限公司,无锡
272462,6903148032978,舒肤佳(宝洁)健康沐浴露(不分~不分)2475_750毫升,瓶,瓶,27.3,舒肤佳,广州宝洁有限公司,广州
749565,4897878000067,出前一丁包海鲜面,100g/包,袋,3.90,日清食品,NISSIN FOODS CO LTD,香港
795727,6903066001421,王氏牛奶桂圆营养麦片,8*(600+200),盒,33.7,王氏,南京王氏食品有限公司,南京
248206,6911567881060,150ml东古一品鲜,瓶,瓶,2.80,东古,鹤山市东古调味食品有限公司,68
847291,6935306732000,佳韵竹碳空气净化剂JY3200,-,包,8.9,佳韵,无锡市佳韵生活用品有限公司,无锡
264414,6905183201975,威士雅洋参胶囊,0.4g/粒*100粒,袋,46.3,威士雅牌,广东威士雅保健品有限公司,广东
810252,6901593303742,560g帝凡福多旺英国拖肥糖300克,300克,包,11.5,帝凡,佛山市顺德区广顺食品有限公司,顺德
343831,6925009904866,天喔煮瓜子,88g,包,2.7,天喔,天喔食品(集团)有限公司,上海
274047,6902538001945,AD钙含乳饮料（草莓味）,100ml,包,5.9,乐百氏健康快车,达能(中国)食品饮料有限公司,广东
684865,6930642700393,卖炭翁C车用除味炭包,23cmX23CM,包,27.0,卖炭翁,浙江卖炭翁生态开发有限公司,浙江
942256,6923686002936,鸿兴源调味品火锅调料 和谐 草本 火锅底料 火锅料清凉 固体 160g,160g,袋,11.8,鸿兴源,山东鸿兴源食品有限公司,禹城
368299,6923898804311,脂必妥片,每片重0.35g,盒,8,地奥,成都地奥九泓制药厂,成都
936047,6928693200160,聚满仓牛奶巧克力,350;350g;g/盒;盒,盒,205.00,-,常熟市聚满仓食品有限公司,常熟
987918,6901009908806,沙城长城珍酿七年B标干红,750ML,瓶,239.80,长城,中粮集团有限公司,沙城
644926,6938098902040,暇图纯棉提花男袜 3006/双,3006;双;提花;男袜;纯棉,双,9.10,暇图,浙江仟百代服饰有限公司,浙江
798325,6926551101055,山峰杀虫气雾剂(薰衣草型),600ml,瓶,12.9,山峰,江西山峰日化有限公司,江西
721246,6911352018275,华美美味情浓什锦饼,800g,盒,56.00,华美,东莞市华美食品有限公司,东莞
901789,6921290420023,乖乖夹心米果50g鸡蛋牛奶口味,50g,包,4.8,乖乖,嘉年华(天津)国际有限公司,天津
443036,6921704100138,白市土板鸭650g,袋,袋,50.7,玉炳,重庆市玉炳食品有限公司,重庆
844124,6921982950180,225g张飞牛肉,225g,袋,55.1,张飞,四川张飞牛肉有限公司,363
712933,6930026281579,透肌水润睡眠面膜,100g,支,27.0,自然坊,广州宝生堂化妆品有限公司,广州
754904,6903254200995,惠尔康芦柑果味饮料 250ml*24盒/箱,250ml*27/箱,箱,20.00,惠尔康,厦门惠尔康食品有限公司,厦门
233722,6917935004253,UFO飞碟炒面XO酱海鲜风味89克,89克,包,5.80,日清,广东顺德日清食品有限公司,顺德
224492,6920568488109,辣椒风湿膏,7cm*10cm*2贴*10袋,盒,29,羚锐,河南羚锐制药股份有限公司,羚锐
432289,6921234210178,#金莲卫生纸(1层~不分~平板式卫生纸~不分),24163_200抽(400克),袋,3.50,金莲,江苏金莲纸业有限公司,江苏
1040470,6923555218338,汇源 果汁饮料,1.5L×4瓶,件,30,汇源,北京汇源食品饮料有限公司,北京
192456,6934153900051,羊肉洋葱水饺400,400,袋,19.5,心萌缘,新疆心萌缘农产品深加工有限责任公司,新疆
219659,6920389900118,高歌含片,1*10/盒,盒,5.8,高歌,广西厚德大健康产业股份有限公司,空
708939,6901209207938,光明双果粒风味酸牛奶（芒果+菠萝）,260克,杯,7.9,光明,光明乳业股份有限公司,上海
437443,6921489001866,防水皂盒,120,套,8.90,CHAHUA,茶花现代家居用品股份有限公司,黄岩
708545,6900068802742,吉列威锋剃须超值套装,1套,套,26.9,吉列,上海吉列有限公司,广州
164398,6938866510453,天山雪 天原生态 纯牛奶 250ml,250ml,盒,6.27,天山雪,维维乳业有限公司,徐州
283303,6901584061668,张裕窖酿干红葡萄酒,750ml,瓶,63.5,张裕,烟台张裕葡萄酿酒股份有限公司,烟台
168600,6909640007599,45度驻马店四号,瓶,瓶,70.88,四特酒,四特酒有限责任公司,江西
549492,6910289668904,桂味杨梅,35g*20包*15中包/箱,包,1.00,天凤,广东天凤食品有限公司,广东
603885,6922699386866,糯米黄酒（烹调用酒）,350mL×40袋,4,1.5,盛和,上海庆丰酿造调味品有限公司,上海
993402,6921799888010,即食猪肉肠,25g,袋,4.5,salami,温州萨啦咪食品有限公司,温州
476470,6928357400042,精选荞麦仁形状立体长方形、大小宽14cm高22.2cm净含量  410g材制PET +CPP,形状立体长方形、大小宽14cm高22.2,瓶,26.1,三国农道,河南农道食品有限公司,宝鸡
342241,6925042528609,四季工艺拖鞋,240mm,双,15.9,快鹿,江苏快鹿鞋业有限公司,江都
254349,6909095100142,150塑单杯酸牛奶（草莓）,150g,杯,2.1,卫岗,南京卫岗乳业有限公司,江苏南京
776240,6923644267100,原味酸牛奶,1.5kg*6桶,盒,33.7,蒙牛,内蒙古蒙牛乳业(集团)股份有限公司,内蒙
640151,6925680830324,富德金秋盛宴礼盒1.075KG 1.075KG/盒,/盒;kg;盒;礼盒,盒,258.00,金秋,上海富德食品有限公司,上海
317722,6926126637095,詹氏百花蜂蜜,450克,支,12.8,詹氏,广东詹氏蜂业生物科技股份有限公司,韶关
693400,6934665087202,蒙牛谷物酸牛奶（大麦+芦荟）,1*180g*20杯,杯,5.9,蒙牛,内蒙古蒙牛乳业(集团)股份有限公司,内蒙
703692,6948195801245,芝麻油,100毫升,瓶,12.00,金龙鱼,益海嘉里食品营销有限公司,上海
266379,6903962972030,胡玉美辣油椒酱,300克/瓶,瓶,6.60,胡玉美,安庆市胡玉美酿造食品有限责任公司,安庆
497101,6930662600024,奥森特原汁机榨汁机,22.5×17.5×43.8,盒,9.5,AOSTE,慈溪市大雁电器有限公司,汕头
659155,6903764839104,50度 伊力特酿 500ml,1L,瓶,38,伊力牌,新疆伊力特实业股份有限公司,新疆新源
630245,6940517512242,麦吉士山核桃小酥200g,200克,盒,15.18,麦吉士,浙江麦吉士食品有限公司,杭州
809630,6920267306223,枣蓉广式月饼,30g/只,只,13.4,楼外楼,杭州楼外楼食品有限公司,杭州
427420,6921056500389,白玉龙须挂面,900克,包,4.4,白玉,湖北瑞丰粮油食品有限责任公司,湖北
654474,6902088603545,中华牙膏双钙防蛀系列 缤纷鲜果味140g 健齿护龈,140克/140克,支,3.9,中华,联合利华(中国)有限公司,合肥
924494,6920000134021,信诚402二层整理箱,1,只,22.5,SEISHIN,浙江黄岩诚信塑料制品厂,浙江
963685,6902212010645,45度特制珍品西凤酒,500mL,盒,58.1,西凤,陕西西凤酒股份有限公司,陕西
610776,6902022134456,蓝月亮羽绒服清洗液500g,500g/瓶,瓶,29.8,蓝月亮,蓝月亮(中国)有限公司,广州
360186,6924254672223,糖水葡萄罐头,460g,瓶,9.50,欢乐家,湛江市欢乐家食品有限公司,广东湛江
487562,6930026281081,植萃臻白水油平衡爽肤水,150ml,盒,9.5,起点之美,广州宝生堂化妆品有限公司,空
647357,6922623667894,浪莎精品时尚男棉袜 F9007/双,9007;双;时尚;棉袜;男;精品,双,7.80,浪莎,浪莎针织有限公司,浙江
600500,6942254600138,波仔什锦果粒饮料356g,356*15,11,7.0,波仔,波仔食品有限公司,浙江
718417,6923578600066,天然胶乳橡胶避孕套,10只,盒,8,多乐士,天津市诚美贸易发展有限公司,天津
762311,6910019007249,纳爱斯鲜浓果味牙膏165g,165g,盒,3.90,纳爱斯,纳爱斯集团有限公司,浙江丽水
290258,6900572070101,小儿氨酚黄那敏颗粒,每袋含对乙酰氨基酚125毫克，马来酸氯苯,盒,10,护彤,哈药集团制药六厂,哈药六厂
360436,6924240200218,二锅头酒（46度500ml黑坛天安门）,1*6,瓶,29.9,御格,北京七星酒业有限责任公司,北京
835172,6935491201862,益肤霜黄金组合,140,套,840.00,无,广州市梵蔻化妆品有限公司,广州
733779,6932380615687,IS1001单杯/个,1*12,个,33.80,日旺,乌鲁木齐市日旺玻晶有限公司,广东
808546,6931699810820,茅台醇福酒,52°425mL×2×5,盒,218.0,茅台牌,贵州茅台酒厂集团技术开发公司,贵州怀仁
430044,6921107600020,500mL.46°古川酒,1*6,瓶,23.4,古川,四川省古川酒业有限公司,四川
214348,6920143500097,酱肉调料,300克/包,袋,7.5,好人家,四川天味食品集团股份有限公司,成都
1039568,6902402400805,中老年燕麦片,600克/包,包,23.00,雅士利,雅士利国际集团有限公司,广东
871575,6930643700088,008米箩,29cmx9.7cm,个,3.5,鑫山,温岭市华联塑料日用品厂,浙江
496578,6930685300017,52度李渡高粱酒.光瓶,500ml,瓶,7,李渡,江西李渡酒业有限公司,江西
959333,6920190330777,过氧化氢溶液,100ml,瓶,1,双氧水,广东恒健制药有限公司,东莞
793444,6902253868885,鱼泉榨菜80g*6,80克,袋,2.50,鱼泉,重庆市鱼泉榨菜(集团)有限公司,重庆
874669,6913084213041,神丹12枚鸭皮蛋,净含量：636克（12枚）,盒,35.90,神丹,湖北神丹健康食品有限公司,湖北
946847,6920761200492,380ml妙味鲜,380ml,瓶,6.6,加加,加加食品集团股份有限公司,香港
601959,6922623649937,浪莎弹性儿童连裤袜,儿童;儿童连裤袜;弹性;连裤袜,袋,29.80,浪莎,浪莎针织有限公司,浙江金华
569400,6925954406897,洁丽雅 面巾 8689（100g）72×34cm,72*34/条,7,28.50,洁丽雅,浙江洁丽雅股份有限公司,浙江
737430,6927156500021,福大300g鸡蛋线面,300;300g;鸡蛋,包,5.0,福大,龙海市福大米面制品厂,漳州
661841,6917036745000,玉米油,5L,桶,66.9,绿宝,北京艾森绿宝油脂有限公司,北京
427189,6921011910017,楚汉牛肉干精选组合（瓶装）,155g,瓶,47.9,楚汉,南京楚汉食品有限公司,贵州
678940,6927190200581,150g金毫滇红,-,袋,160.00,华茗,常州市华茗茶叶有限公司,凤庆
488,6901028169639,黄金叶(硬帝豪),20支,盒,10.00,黄金叶,河南中烟工业有限责任公司,河南
247217,6912782410028,珍品河套老窖,500ML,瓶,76.95,内蒙古河套酒业集团股份有限公司,内蒙古河套酒业集团股份有限公司,浙江
739018,6906320410151,新能量美白新活美容膏,30g,瓶,118.0,蜜施华,琪雅集团有限公司,广州
169618,6942836700188,146g Kisses 好时之吻 黑巧克力,146g,袋,27.90,KISSES好时之吻,好时(中国)投资管理有限公司,美国
209311,6922089490166,诗朗1+1超值特惠装,750ml*2,瓶,42.9,诗朗,惠州市博美化妆品有限公司,97
658872,6903148111963,玉兰油 细滑活肤礼盒,盒,盒,59.0,Olay Ⅱ,广州宝洁有限公司,广州
908404,6923044200202,田歌4枚装皮蛋,1*36,盒,21.1,田歌,浙江田歌实业股份有限公司,浙江	武义	
501727,6930968420012,轩尼诗VSOP干邑白兰地礼盒,700ml,瓶,556.50,轩尼诗,上海酩悦轩尼诗国际贸易有限公司,法国
423732,6920904400789,莲顺速溶纯藕粉,500G,袋,10.0,莲顺,扬州莲顺食品有限公司,江苏
619308,4895074300073,诺丝超薄装避孕套12只*加送装,12Pcs/个,盒,32,诺丝,USA NEWYORK INTERNATIONAL LTD,中山
599322,6901481827619,52%vol四星茅台液酒,500ml,瓶,139,茅台液,贵州茅台酒厂(集团)习酒有限责任公司,贵州
808656,6927128266870,小油豆腐,125克,4,5.5,清美,上海清美绿色食品有限公司,上海
510,6911988006486,20克可比克烧烤味薯片,20g,包,1.00,20克可比克烧烤味薯片,达利食品集团有限公司,福建
955766,6930708100020,海嘉德小方形紫菜,12.5*16*2,瓶,26.24,海嘉德食品系列,苍南县海嘉德水产品加工厂,广西
640930,6927111503920,翰文订书机 1个/个,1个;个;订书机,个,5.00,翰文,宁海县翰文文具有限公司,浙江省
518242,6932112700797,阿祥哥榨菜片,168克,袋,1.9,阿祥哥,宁波阿祥哥食品有限公司,宁波
945673,6920152450130,康师傅料珍多 6 / 箱,箱,箱,29.80,康师傅,杭州顶益食品有限公司,杭州
724069,6923589442037,好奇金装清爽洁净婴儿湿巾10片,10片,包,3.2,好奇,金佰利(中国)有限公司,南京
288453,6901028149877,哈德门香烟(15~1.1~软包装~烤烟型)1911_20支,20支/包,盒,2.3,哈德门,山东中烟工业有限责任公司,新疆
403855,6922438808390,R839汕乾皂盒,839/个,个,4.5,SHAN QLAN,汕头市汕乾塑胶制品有限公司,汕头
984512,6924513905659,荷氏维果-C西柚口味维生素C水果糖,34g/条,支,2.4,荷氏,亿滋食品企业管理(上海)有限公司,广东.广州
658860,6903148103807,汰渍净白去渍无磷洗衣粉1.55千克加量装,1705G,袋,13.8,汰渍,广州宝洁有限公司,广州
839689,6924487235189,大号带盖水桶,R281,个,4448.90,凯信,汕头市龙湖区凯信塑胶有限公司,G
359872,6924240200126,北京二锅头酒（清56度500ml绿玻瓶）,480mL*12,瓶,21.6,御格,北京七星酒业有限责任公司,北京
259354,6907911600012,舒肝散,10g*10袋,盒,22,云昆,昆明中药厂有限公司,昆明
280682,6901798104564,38度泸州红高梁光瓶,450*12,瓶,8.5,红高粱,泸州老窖股份有限公司,四川
889838,6921272451380,阳江桥即食姜香豆豉210g,200克,罐,8,阳江桥牌,广东阳江豆豉有限公司,68
549806,6903148076200,帮宝适 超薄干爽系列大包装加大号,42片+4片/包,包,85.8,帮宝适,广州宝洁有限公司,广东广州
712473,6923955000021,江西上高特产 香辣甜爽辣的冒汗!锦田南瓜酱 1000克礼盒装零食,1000;克;的;礼盒装;香辣,瓶,42.00,特产,江西上高县锦田食品有限公司,G
1024275,6926673101674,波斯猫柔彩迷你手帕纸,10包,条,3.9,波斯猫,汕头市金平区飘合纸业有限公司,广东
436557,6921361255226,惠氏钙尔奇D600,30片,瓶,28,惠氏,惠氏制药有限公司,麦氏
351672,6924665822231,振汉字母加大号童袜,18,双,1.9,振汉,浙江振汉袜业有限公司,475
825958,6914394604291,新2段婴幼儿配方奶粉,900g/听,罐,95.9,和氏,陕西和氏乳品有限公司,陕西
645064,6935768922711,口水娃酱汁牛肉味兰花豆,30克,袋,1,口水娃,上海喜事来食品有限公司,上海
349293,6924746200545,80克南北特麻辣素牛筋,80G,包,2.5,南北特,深圳市南北特贸易有限公司,湖南
316843,6926130920381,古绵纯,38度/瓶,瓶,55.0,古绵,四川古绵酒业有限公司,广州
925579,6922623622848,浪莎加裆连裤袜 8146/条,8146;条;连裤袜,条,35.90,浪莎,浪莎针织有限公司,上海
810486,6901028028189,狮牌112纸盒雪茄香烟,包,包,8.00,狮牌雪茄,四川中烟工业有限责任公司,四川.什邡
810,6902890233572,弹脆香肠,240g/240g,袋,7.5,双汇,河南省漯河市双汇实业集团有限责任公司(简称:双汇集团),漯河
948597,6926916500059,200061,1,盒,20.9,闺秘,深圳闺秘雅服饰实业有限公司,深圳
778532,6901028046978,全硬云烟(双龙)单包,包,包,8.5,云烟,红云红河烟草(集团)有限责任公司,云南
652,6904417100671,湿面（红油凉面）,盒装248克,盒,3.00,南街村,河南省南街村(集团)有限公司,南街村
291581,6900082020252,公仔碗仔面-日式猪骨浓汤味(油炸方便面),82克/碗,碗,5.30,公仔面,珠海市金海岸永南食品有限公司,珠海
649406,6934115700156,天然紫菜,70g,包,8.9,美浓,晋江市安海福联食品有限公司,福建
798471,6903148089323,佳洁士汉草萃人参牙膏140G(温润果香)X3X12,140G,盒,12.5,佳洁士,广州宝洁有限公司,广州
262962,6906151600677,牛栏山二锅头白酒,1*6,瓶,36,牛栏山,北京顺鑫农业股份有限公司牛栏山酒厂,河北
926437,6920043525190,U型不锈钢压力锅,20cm,2,249.0,振能,广东振能不锈钢实业有限公司,广东
987,6918149682336,丹丹红油豆瓣950g,园柱体,瓶,13.80,丹丹,四川省丹丹郫县豆瓣集团股份有限公司,四川
940763,6903290190342,古越龙山陈年加饭酒,600ml,瓶,6.60,古越龙山,中国绍兴黄酒集团有限公司,绍兴
223515,6920602301319,尿裤(小号S),30片,包,19.20,美洁,广东美洁卫生用品有限公司,广东
321220,6926027711047,超爽580ml,瓶,瓶,4,三得利,青岛啤酒股份有限公司,上海
274201,6902487381143,双桥味精,99%40g晶体,包,1,双桥,广州奥桑味精食品有限公司,68
815848,6921101210027,150g大家来维吸可吸果冻（苹果味）,150g,包,1.6,蜡笔小新,蜡笔小新(福建)食品工业有限公司,福建晋江
410435,6922112411670,乐吃烤扁王450克,450克,袋,32,乐吃,杭州乐吃食品有限公司,杭州
914320,6934641400186,葵花籽油一级5.0L,5.0L,瓶,15.3,福味来,中粮天海粮油工业(沙湾)有限公司,沙湾
156551,6920734702176,康师傅泡椒牛肉桶面,109g/109g,桶,3.5,康师傅,武汉顶益食品有限公司,武汉
990255,6920177962069,多效修护19精华乳100ml,100ml,瓶,76.0,施华蔻,汉高股份有限公司,上海
399572,6922609622336,多用五层架R223D,R223D,个,24.8,新陵,汕头市新陵塑胶有限公司,广东
924819,6902022134296,500g瓶装深层洁净护理洗衣液（薰衣草）,500g,瓶,10.20,蓝月亮,蓝月亮(中国)有限公司,广州
494503,6930628801366,老才臣  米醋 500ml,500ml,支,6.70,老才臣,北京市老才臣食品有限公司,68
897699,6926249306779,大力月月红黄河滩枣1000g,1kg/包,袋,25.90,大力,宁夏大力食品产业有限公司,四川
980987,6919138000841,46度三星青醇,500ml1*6,瓶,11.4,青溪,贵州青酒厂,40
426996,6921056500365,白玉精制挂面,900克,包,3.8,白玉,湖北瑞丰粮油食品有限责任公司,湖北
231772,6918598028129,波力海苔（调味紫菜）,6.7g（12切3枚×9束）,包,6.20,波力,波力食品工业(昆山)有限公司,江苏
289714,6900354000173,超级原味麦片(原味~即溶~纸盒~有)3555_30克x30,-,盒,62.9,-,常州超级食品有限公司,江苏
406072,6922306500906,致中和新饮法,1*12/瓶,瓶,19.5,致中和,浙江致中和实业有限公司,浙江
1012141,6921234300053,南湖牌松花蛋,30只,盒,40.5,南海,高邮市南海食品厂,江苏
708916,6901209201646,光明AB100健能风味发酵乳（黄桃果粒）,100g×6,组,16.9,光明,光明乳业股份有限公司,上海
377771,6923513618453,高钙藕粉,1*20*525g,包,22.3,杭州天怡,杭州天怡食品有限公司,杭州
835187,6902022135217,500g瓶装深层洁净护理洗衣液（自然清香）,500g,瓶,11.80,蓝月亮,蓝月亮(中国)有限公司,广州
317387,6926114199659,饮水机,YR,台,151.2,沁园,沁园集团股份有限公司,宁波
865,6930628800147,老才臣大块腐乳,340克,瓶,9.40,老才臣,北京市老才臣食品有限公司,北京
881349,6910856510308,56度国宾礼盒,500ml*6,瓶,118.0,京都,北京皇家京都酒业有限公司,北京
285865,6901236372081,维达卫生纸,空,提,29.9,空,维达商贸有限公司,广东
693245,6934582080621,宝家洁弯杆大滚轮胶绵柂把F-04ACTBW-2/J,68*62*46cm,只,55.0,宝家洁,嘉兴捷顺旅游制品有限公司,嘉兴
762248,6932217846505,国奥行政男袜,男袜,袋,1699.00,国奥,浙江国奥针织有限公司,浙江金华
61,6938315098983,好吉利迷你型手帕纸,210mm*210mm,包,4.30,好吉利,福建恒利纸业有限公司,福建
852934,6921181100225,香皂,403967,盒,14.2,柯士达,汕头市柏丽雅日化实业有限公司,福建
214034,6920208915996,康师傅香菇炖鸡面,袋装,袋,3.00,康师傅,重庆顶益食品有限公司,重庆
841645,6924150600184,s-4英文组合号码印,4号,盒,6.00,亚信,石家庄亚信文具有限公司,东莞
345220,6924874720151,蒲议180g玉米酥,180g,袋,6.6,蒲议,成都市蒲议食品有限公司,四川
863409,6900463000064,50ml*6瓶猛龙酒中盒,50ml,瓶,240,古岭牌,广西柳州市古岭酒厂,广西.柳州
388673,6922939231154,福泰隆 旺旺 碎冰冰/碎碎冰/棒冰柠檬味,78ML,条,1,旺旺,杭州神旺食品有限公司,浙江
251386,6910925118015,三鸿台湾风味肉松,217g、袋,袋,29.7,三鸿,江苏三鸿食品有限公司,江苏南京
737527,6935028200122,双卡收录机,LS,台,278.0,力桑,东莞市力桑电子有限公司,广东
374722,6923607187735,恩济堂儿童精品秋梨膏/290克,290g,桶,8.30,恩济堂,北京天赐园食品有限责任公司,北京
405404,6922327526237,五香熏肚,400g,个,20.8,哈肉联,哈尔滨大众肉联集团有限公司,哈尔滨
854911,6931590103502,茅台干红葡萄酒特选级,750ml,瓶,¥69,茅台,贵州茅台酒厂(集团)昌黎葡萄酒业有限公司,贵州
262020,6905596000813,有机干白河标,750,盒,22.7,威龙,威龙葡萄酒股份有限公司,山东
815003,6930232900240,胶粘除尘纸,"宽10CM,2卷",卷,13.5,鑫超越,霸州市三林塑业有限公司,河北
285636,6901294081383,美加净滋润沐浴露,1公升,瓶,22.50,美加净,上海家化联合股份有限公司,上海
1034353,6907925991120,飞鹤飞帆2段较大婴儿配方奶粉盒装400g,400g/400g,盒,82.00,飞鹤,黑龙江飞鹤乳业有限公司,黑龙江
976759,6901209325298,光明芦荟风味酸牛奶,125克,只,3.5,光明,光明乳业股份有限公司,上海
255956,6908308000040,妇健丝柔夜用卫生巾,10片,包,16.9,FUNJAN,广东妇健企业有限公司,广东
495514,6930628801441,黄豆酱油,800ml,桶,8.00,老才臣,北京市老才臣食品有限公司,北京
242062,6915051780099,云雾特级鐡観音300克（6罐X50克）,300克（6罐X50克）,盒,288,云雾,武汉市云雾茶叶有限公司,303
158876,6903431120078,53%vol 外瓷汾,375mL*12瓶,瓶,55,杏花村,山西杏花村汾酒厂股份有限公司,汾阳
878961,6930628805913,老才臣才臣料酒,1.75L,瓶,12.90,老才臣,北京市老才臣食品有限公司,北京
909005,6926662320949,CY209-14C透明文件袋,A4,个,1.0,CHANYI,义乌市文渊文具有限公司,北京
856879,6920120112374,珍珠香菇200g,200G/袋,袋,84.0,八荒,福建省古田县大丰工贸有限公司,福建
404017,6922401166045,京润珍珠gNpearl 珍珠盈润滋养精华晚霜60g 面霜 夜间修护 保湿 紧致,60g,盒,96.0,京润珍珠,海南京润珍珠生物技术股份有限公司,京润
204025,6920525310146,神农草清润柔白美手霜60ml支,60;ml;支;神农;草,支,38.00,无,汕头市澄海区雅威日用化工厂,广东
166260,6901009911509,沙城长城珍藏版木盒干红,750ML,盒,499,长城,中粮集团有限公司,烟台
195479,6930859560025,正皇连柄小汤勺,小;柄;汤勺,支,24.00,正皇,厦门市正皇生活用品有限公司,厦门
841741,6908203005355,七匹狼莫代尔商务男袜00535,针织品,双,16.9,七匹狼,浙江开倜服饰有限公司,浙江
235097,6917536004010,五香牛肉(杯面),83g,杯,4.7,开杯乐,日清食品(中国)投资有限公司,上海
171419,6921734995971,得力9597学生套尺(套),No.9597；蓝色；1套,套,3.52,得力文具,得力集团有限公司,宁波
708,6935270601739,精炖原汁猪骨面,袋装,袋,1.50,白象,白象食品股份有限公司,河南
232969,6918598028099,波力海苔(PO-LI SEASONED SEAWEED8切8枚原味)3g,3g(8切8枚）0.11oz,包,3.00,波力,波力食品工业(昆山)有限公司,江苏
268522,6903775132713,咸亨老奶奶白腐乳270克+110克,270g+110g（赠送） 固形物含量：,瓶,7.5,咸亨,绍兴咸亨食品股份有限公司,浙江
242829,6914887000203,四洲紫菜脆果,40G,包,5.2,四洲,四洲制果(深圳)有限公司,广东
330472,6925596400079,淮山营养配方米粉（2段）,400g,盒,22,人之初,江西人之初营养科技股份有限公司,南昌
971364,6920898700643,松下剃须刀ES4035,ES4035S,把,379,Nartional,松下万宝美健生活电器(广州)有限公司,上海
624860,6927024500016,田谷丰 小米 2.5kg,2.5kg,瓶,30.00,0,通辽市田谷丰杂粮加工有限公司,宁波
629846,6938252290044,妇炎洁网面丝薄卫生巾 20P/包,20p;包;网面,包,34.90,妇炎洁,泉州市新世纪卫生用品有限公司,福建
273923,6902595000448,阿里山白瓜子,750g/桶,桶,39.9,阿里山,江苏阿里山食品有限公司,江苏常熟
990907,6926433489707,名士威手磨浓香加钙芝麻糊700克,700克/袋,袋,25.5,名士威,桂林名士威食品有限公司,桂林
352679,6924594400111,奥灵奇中华珍宝罐头950g,950g,瓶,9.7,奥灵奇,奥灵奇食品有限公司,临海
343430,6925009900615,天喔话梅 150克,168G/瓶,袋,23.50,天喔,天喔食品(集团)有限公司,上海
920418,6932380608740,大圆3#罐/个,个,个,53.90,日旺,乌鲁木齐市日旺玻晶有限公司,广东
729103,6931151500931,S朱古力夹心饼128g,128g*60,包,2.00,麦特龙,宜昌华尔食品有限责任公司,中国
873151,6928851506967,枣花香红枣酒,12%volX700mlX8瓶,盒,980.00,枣花香,山东齐国盛世酒业酿造有限公司,贵州
362481,6924146500535,野山珍通江细木耳,100g,袋,21.6,野藤,重庆野山珍商贸有限公司,82
288103,6901009901432,沙城长城名品特级精选赤霞珠干红,750ML/支,支,158.0,长城,中粮集团有限公司,沙城
946097,6930833731830,金装安宝素婴幼儿配方奶粉,900g/罐,听,126.4,聪尔壮,上海晨冠乳业有限公司,上海
1405,6926338789261,护理佳五彩心晴卫生巾(独立装~无护垫~绢柔棉质网面~护翼~日用~超薄)9156_10片,高分子无纺布等材料,袋,5.3,护理佳,上海护理佳实业有限公司,上海
988261,6932520809112,琴曼提花聚热内衣,-,套,43.00,琴曼,江阴市元博针织服饰有限公司,江阴
548065,6911988014122,500ml达利园草莓味优先乳,瓶,瓶,3.8,福建省达利食品集团有限公司,达利食品集团有限公司,福建惠安
781649,6912669298886,橄榄菜(香辣),168克,瓶,5.90,玉蕾,汕头市玉蕾食品实业有限公司,汕头
873673,6901326002386,液体皂,450g/瓶,包,24.6,船牌,浙江东南船牌日化股份有限公司,浙江杭州
881808,6928299785054,盛特士童袜505/双,/双;505;双;童袜,双,12.90,盛特士,汕头市潮南区立盛实业有限公司,广东
256703,6908061005009,方便熟食 得利斯精肉火腿280g,280g,个,11.90,得利斯,得利斯集团有限公司,山东
841060,6909640000545,52度莲四,500ML*24,瓶,12.5,四特酒,四特酒有限责任公司,江西.樟树
263883,6905596000158,威龙有机干红葡萄酒,750Ml*6,瓶,7.2,威龙,威龙葡萄酒股份有限公司,山东
763850,6901209207945,光明双果粒风味酸牛奶（黄桃+芦荟）,260克,杯,8.8,光明,光明乳业股份有限公司,上海
612953,6920377300463,迎华丹麦式曲奇,400克,盒,23.2,迎华,东莞市厚街同发食品有限公司,东莞
1006856,6927688000013,幸运宝贝打气筒,XYB-013,个,11.9,幸运宝贝,余姚市飞达文体用品有限公司,余姚
665463,6921489013784,通用鞋刷,96,个,6.80,chahua,茶花现代家居用品股份有限公司,福建
616995,6914394888677,御慧中老年配方羊奶粉,400g/盒,袋,13.9,和氏,陕西和氏乳品有限公司,陕西
444864,6921734902214,得力0221订书机10#(混)(台),No.0221；混色；1台,个,6.50,得力文具,得力集团有限公司,浙江
871796,6904508006554,50 女儿红糟烧2L,2000ml/壶,壶,39.0,女儿红,绍兴女儿红酿酒有限公司,绍兴
158541,6916432200465,长康加铁酿造酱油,200ML,瓶,3.50,长康,湖南省长康实业有限责任公司,瓶
583920,6943223390333,五天女士拖鞋,女士;拖鞋,16,59.00,-,无锡市五天贸易有限公司,福建
497087,6930653601351,非凡之恋男式保暖内衣,-,套,49.9,非凡之恋,无锡非凡之恋服饰有限公司,无锡
310771,6926500000194,?回味凉茶,32g/盒,盒,7.7,奥头行,广东粤北行健康食品有限公司,阳山
548484,6927009000487,香大头,300克,袋,4.5,强哥,桐乡市丰溢食品有限公司,浙江桐乡
845544,6907619661506,喜庆五芳礼品粽,140gX10/140gX10,盒,129,五芳斋,浙江五芳斋实业股份有限公司,嘉兴
790850,6917281000053,百合粉,150g,盒,25.0,龙牙,江西龙牙百合有限责任公司,G
1019921,6937350123636,家之良品(丽姿源)泉之素娇柔水润洁面乳4687_100克,100g,瓶,43.00,Home’s Brands/家之良品,汕头市丽姿源化妆品有限公司,汕头
259860,6907201221682,风行牌炼乳,450g,支,16.50,风行牌,广州风行乳业股份有限公司,广东
199084,4893888000219,李锦记沙茶酱,198g/198g,瓶,20.50,李锦记,LEE KUM KEE CO LTD,广州
558594,6926045996600,港莎男烫龙弹力棉内衣,内衣;弹力棉;烫;男;龙,盒,99.00,港莎,上海华港服饰有限公司,上海
788184,6917541686379,咖啡糖,180g,袋,10,春光,海南春光食品有限公司,海南
906323,6903508000043,正章皮衣光亮剂(柔软型单无)_100ml,100ml,盒,9.9,正章,上海正章洗染有限公司,上海
741897,6915389800476,苏泊尔18cm经典不粘奶锅/个,18;18cm;cm;不;个;奶锅;经典,个,129.00,Supor/苏泊尔,浙江苏泊尔股份有限公司,浙江
785546,6901496990728,麦丽素牛奶巧克力,98克*20袋*4,包,4.2,梁丰,江苏梁丰食品集团有限公司,江苏
335324,6925414800609,通天赤霞珠干红葡萄酒,750ML,瓶,35.9,通天牌,通化通天酒业有限公司,通化
319614,6926032336389,3#圆形票据夹(筒装）,0,盒,18.7,comix齐心,深圳齐心集团股份有限公司,广东
851074,6901121302674,维可倚柔润浴液750ml,瓶,瓶,33.2,浪奇维可奇,广州市浪奇实业股份有限公司,广州
660095,6908203001944,七匹狼纯棉高务男袜,针织品,双,13.9,七匹狼,浙江开倜服饰有限公司,浙江
445289,6921774600392,金鰲 豉油肠礼盒 900g,900g,盒,118,金鰲,东莞市新兴隆食品厂(普通合伙),东莞
359387,6924304600176,香辣凤尾鱼,184g,听,11.1,梅林,上海梅林美达食品有限公司,上海
738495,6922623647810,浪莎女式棉袜4136/双,4136;双;女式;棉袜,双,49.90,浪莎,浪莎针织有限公司,浙江
889921,6902135342014,42度洋河普曲,-,瓶,8.4,洋河大曲,江苏洋河酒厂股份有限公司,江苏.泗阳
252415,6910633000732,科技中华珍宝,450g,瓶,5.4,科技,浙江德尔耀食品科技有限公司,黄岩
198285,6926265353887,上好佳 田园薯片（甜辣扣味）40g/筒,40g/罐,袋,4.00,上好佳,上好佳(中国)有限公司,上海
742369,6914287527256,波司登女袜2108/双,-,双,99.00,波司登,波司登股份有限公司,江苏
257314,6908308001016,妇健10片超长夜用,10片,包,11.400,Fujian,广东妇健企业有限公司,广东
1014780,6920436200482,麦芽糖,320g,瓶,14.1,古榕,桂林古榕食品有限公司,桂林
156407,6932919000014,糟方乳腐,500克/瓶,瓶,6,新通王牌,南通市王氏酿造有限公司,通州
350256,6924665862275,振汉亮粉淑女船袜,22,双,5.9,振汉,浙江振汉袜业有限公司,浙江
529456,6933039200025,尼美舒利片,20片,盒,15,灵泰,牡丹江灵泰药业股份有限公司,牡丹江灵泰
625730,6928276015679,金顺来电话机 1009/个,/个;1009;个,个,23.80,KISUNA/金顺来,深圳市金顺来实业有限公司,深圳
755020,6901676388888,38度500ml*6井台瓶水井坊酒,500ml*6,瓶,458.00,水井坊,四川水井坊股份有限公司,四川
916,6924011401165,妮好湿巾,200mm*150mm,包,6,妮好,河北义厚成日用品有限公司,河北
785238,6901584060838,张裕至尊干白葡萄酒,至尊;葡萄酒,瓶,49.00,张裕,烟台张裕葡萄酿酒股份有限公司,烟台
677435,6926491600274,梅菜笋丝70g,70g×30,袋,1.9,宝石牌,福建平和宝峰罐头食品有限公司,福建
769711,6903712000945,鲜嫩方肠,200克,袋,6.5,玉兔,南通玉兔集团有限公司,南通
725162,6908203001401,七匹狼休闲男袜00140/双,针织品,双,6.5,七匹狼,浙江开倜服饰有限公司,浙江
740191,6925013681319,红妮精梳男V领内衣,内衣;男;精,套,60.00,红妮,青岛红妮制衣有限公司,青岛
946781,6920043523509,28cm振能西式多用蒸锅,28cm,个,15.3,振能牌,广东振能不锈钢实业有限公司,广东
1039530,6902132081077,冷酸灵波浪深洁型软毛牙刷,1Pcs/个,支,6.00,冷酸灵,重庆登康口腔护理用品股份有限公司,重庆
932103,6920152404737,康师傅面霸上汤排骨面120g*5,组合袋,袋,20.00,康师傅,杭州顶益食品有限公司,杭州
179376,6938902600360,拉芳膜力纯养丝蛋白营养护发素1升,1升,瓶,25.80,拉芳,拉芳家化股份有限公司,广州
816507,6920120200033,金奖赖茅五十年 798元,500ml/瓶 精装大礼盒 镭射银卡 艺,袋,798.0,金奖赖茅,贵州贵龙酒业有限公司,福建
884285,6910613000776,酒中酒霸,45%vol、250ml、浓香型,瓶,82.8,本强,贵州酒中酒(集团)有限责任公司,酒中酒霸酒厂
293487,6938888888233,椰果奶茶家庭分享装（15杯）,80g×15杯,包,52.80,香飘飘,香飘飘食品股份有限公司,浙江
455000,6927125000194,风鸣黑金刚紫砂砂锅34CM,34CM,只,10.0,风鸣,江阴市铝制品厂,江苏江阴
261964,6906312001121,金丝枣,227g,袋,11.5,智神,山东金丝食品有限公司,山东
954947,6921992320652,云南红老树葡萄.1968全汁干红葡萄酒(圆筒）,750ml,瓶,132,云南红,云南高原葡萄酒有限公司,云南
948762,6905028000039,味精,200g,包,4.2,菱花,菱花集团有限公司,山东
829767,6921977366095,50°五年洞藏太白酒,500ml,瓶,66,太白,陕西省太白酒业有限责任公司,陕西
210680,6920043523721,振能三层食格,430型,只,37.6,振能牌,广东振能不锈钢实业有限公司,潮安
446550,6921774600491,金鰲 传统肠 500g,500g,袋,30.0,金鰲,东莞市新兴隆食品厂(普通合伙),东莞
756528,6930833780470,优童健 营养强化调制乳粉（儿童型）,900g*6,听,128.8,聪尔壮,上海晨冠乳业有限公司,上海
508792,6931412511027,元朗蛋卷王,454克/罐,包,55.80,元朗,珠海元朗食品有限公司,珠海
827279,6930191400010,盱眙龙虾调料（浓香型40克）,40克,袋,33.3,汤正发,盱眙县正味食品有限公司,江苏
800810,6934668738552,聪明谷葫芦型大奶瓶3855,3855;大;奶瓶;葫芦型,个,11.30,聪明谷,汕头市比高实业有限公司,广东
736391,6932380616455,CK-901A倚天鼎/个,1*24,个,135.00,日旺,乌鲁木齐市日旺玻晶有限公司,广州
1040215,6921168520015,农夫山泉天然水1.5L,1.5L,瓶,2.80,农夫山泉,农夫山泉股份有限公司,千岛湖
350079,6924708720036,口腔气管插管,"ID 4.0, Uncuffed 无囊型",个,20.4,HonAn,南京宏安医疗科技有限公司,上海
727922,6922163400029,内酯豆腐,400g,盒,2,祖名,祖名豆制品股份有限公司,杭州
815588,6922621700388,70038吸管5*210mm,5*210mm,盒,3.1,双童,义乌市双童日用品有限公司,广东
368,6901826817237,南孚碱性电池,5号  5粒装 LR6-5×1B/1.5,包,2.90,南孚,福建南平南孚电池有限公司,福建
298494,6935694406187,金龙鱼精炼一级菜籽油,1.8L,瓶,19.5,金龙鱼,上海嘉里食品工业有限公司,上海
489868,6930158210225,康富来氨基酸口服液76ml*8瓶,76ml*8瓶,包,81,康富来,广东康富来药业有限公司,广东佛山
975124,6930249100107,面盆,30cm,个,18.0,红士发,广东恒发五金实业有限公司,广州
913319,6910160312216,丘比千岛酱,圆形玻璃瓶包装，净含量200g,瓶,9.9,丘比,北京丘比食品有限公司,京
563557,6924427014850,600克喜盈盈魔法秘密果冻.,袋装,4,12.8,喜盈盈,漯河联泰食品有限公司,山东
857184,6917277000500,美年达(百事可乐)青苹果味汽水碳酸饮料~青苹果~不分~不分~塑料瓶)500毫升,500ml,瓶,2.7,美年达,长春百事可乐饮料有限公司,长春
566298,6903148073605,伊卡璐头屑烦恼BYE! 去屑洗发露175ML,175ML,瓶,16.5,伊卡璐,广州宝洁有限公司,广州
916898,6935420100792,古福赤砂糖300g,300g,包,11.6,古福,北京闽松经贸有限公司,北京2
896113,6928710600300,桂圆,450g,包,17.9,野森林,陕西野森林食品有限公司,陕西
924850,6927355510388,TCL3V8W节能灯/只,v8;只;节能灯,只,82.50,TCL,惠州TCL照明电器有限公司,广东
767608,6926636300038,怡神阿胶红糖350克,200g/袋,袋,9.6,怡神,上海怡神保健食品有限公司,怡神
509457,6931462300152,新居爽500ml玻璃净,500ml/瓶,瓶,8.9,新居爽,广州居能科技有限公司,广州
748328,6940045600091,炸鸡粉,30g,包,12.0,国良,杭州国良调味品有限公司,浙江
891729,6911754102503,100g陈村粉香菇炖鸡面,100g,包,6.4,陈村,佛山市顺德区春晓食品有限公司,番禺
868961,6924013300480,好记星蛋白质粉,1KG/罐,盒,20.4,珍迪牌,南昌健民营养补品厂,江西
864950,6923503838137,乐之惠绿菌组合网丝薄,1*24,包,14.8,乐の惠,佛山市志达实业有限公司,8
189410,6927857300616,蜜雪儿城堡红葡萄酒,750ml,瓶,18.0,蜜雪儿,深圳蜜雪儿酒业有限公司,深圳
769229,6930063200045,竹菜贴板,无,个,35.8,佳缘,浙江佳缘竹木有限公司,浙江
286981,6901028034036,天下秀,条,条,¥35,天下秀,四川中烟工业有限责任公司,四川.什邡
740725,6932380614123,160Z锥形杯/个,个,个,95.00,日旺,乌鲁木齐市日旺玻晶有限公司,广东
438579,6921504000218,紫云英,500g,瓶,21,王凯,宁波金蜂食品有限公司,上海
938346,6936928400032,中国象棋,40*13,盒,8.8,无商标,武义挑战文体用品有限公司,浙江
247662,6912003023402,天堂_三折伞,防水涂层,把,137,天堂伞,杭州天堂伞业集团有限公司,杭州
423393,6920803960803,电子琴,YM-490F/500E,台,269,永美,揭西县美声电子电器厂,上海
867047,6914363358088,沙洲优黄枸杞黄酒1878,-,瓶,21.78,沙洲优黄,江苏张家港酿酒有限公司,江苏
443094,6921704100053,纸盒腊肉350g,350g,袋,27.8,玉炳,重庆市玉炳食品有限公司,重庆
432213,6921263300017,九香乡土瓜子120g,120克/袋,包,4.9,九香,上海九香食品有限公司,上海
542644,6934413800015,双黄连口服液,10ml*10支,盒,6,威瑞斯,黑龙江瑞格制药有限公司,黑龙江瑞格
263000,6906026488881,牦牛奶粉,400克,袋,188.0,红原,红原牦牛乳业有限责任公司,四川阿坝
486356,6930034700741,ORAL-B阶段型儿童牙刷（2）,1CT,支,10.6,欧乐B,博朗(上海)国际贸易有限公司,爱尔兰
634175,6938902600155,拉芳营养焗油护发素500ml,500ml,瓶,9.5,拉芳,拉芳家化股份有限公司,广州
455316,6927175100639,老孙家波斯烤羊腿300g,300g,盒,21.9,老孙家,西安伊德香清真食品有限公司,西安
157142,6939369600108,音箱A5,A5,盒,34.4,飚雷,东莞市飚雷电子有限公司,扬州
157205,6903148110645,潘婷丝质顺滑750ML优惠装,750ml/瓶,瓶,39.90,潘婷,广州宝洁有限公司,广州
742939,6903148047712,舒肤佳苦艾爽洁型香皂125克X3,375G,组,12,舒肤佳,广州宝洁有限公司,广州
969078,6907149310165,绿盛牛肉丁卡通包100克,100克,袋,20.8,绿盛,杭州绿盛集团有限公司,浙江杭州
863556,6923616930308,牛奶煎饼,1*12,盒,11.7,传味,浙江金旺达食品有限公司,温州
209619,6919934000205,脆皮南瓜饼,200克,袋,2.7,年余脆皮南瓜饼,南京年余冷冻食品有限公司,南京
231109,6918861003044,朝中开胃山楂,朝中,盒,5.30,朝中,南京朝中食品有限责任公司,江苏南京
207944,6922043169664,珍奇味鱿鱼丝50g,35g,袋,6.7,图1,广东珍奇味集团有限公司,地
261549,6906517000417,和泽源珍味计鲜1.6 L,250g,罐,15.8,珠辉,开平市珍味堂调味品有限公司,6
163,6911988013262,45克可比克薯片韩式泡菜味,kg,桶,3.8,福建省达利食品集团有限公司,达利食品集团有限公司,福建
266460,6904508200112,女儿红三年陈特酿,500ml,瓶,14.8,女儿红,绍兴女儿红酿酒有限公司,浙江.绍兴
346486,6924882436105,百事可乐碳酸饮料_1250毫升,1.25L,瓶,4.40,百事,南京百事可乐饮料有限公司,南京
302533,6935007600028,猫砂,圆球状颗粒 直径0.5,包,2.6,富石,广西上思县富石矿业有限公司,内蒙古
965663,6914363928588,沙洲优黄经典装,-,瓶,14.3,沙洲优黄,江苏张家港酿酒有限公司,沙州
532325,6933252321156,福运天下（50典藏）,"50%vol,500ml*2",盒,212,喜运,贵州省仁怀市茅台镇酒城酒业有限公司,贵州
169157,6933673338788,501康而怡女内衣,0,件,249.00,无,汕头市潮阳区谷饶海怡制衣厂,汕头
897714,6921369110152,巧媳妇凉拌醋,500ml,瓶,5.9,巧媳妇,山东巧媳妇食品集团有限公司,临淄
204444,6932380612549,MK-5P2SB蓝色果碗/个,个,个,42.80,日旺,乌鲁木齐市日旺玻晶有限公司,广东
986587,6912282160027,非转基因玉米油,5L,提,82.0,盛洲,厦门中盛粮油集团有限公司,厦门
358673,6924304600183,五香黄花鱼,184克/罐,听,9.5,梅林,上海梅林美达食品有限公司,上海
832670,6926701322927,茅台镇鸿福万年30珍藏-14Q,52°大礼盒,盒,238,利波,成都市九州老窖酒厂,贵州仁怀
775610,6920670601120,花开富贵（速冻糯米山药春卷）,30*10*15,袋,39.2,阿诺,佛山市顺德区屏荣食品发展有限公司,河南
676563,6926104920133,满口香105g冰花姜,1*20,包,9.0,盐津铺子,盐津铺子食品股份有限公司,广东
210516,6922100900568,喜瑞来450g精品装玉米馒头,1*450g*18个,袋,7,喜瑞来,长沙喜瑞来食品有限公司,长沙
330602,6925596400130,人之初  蜂蜜核桃营养米粉,225g,盒,25.4,人之初,江西人之初营养科技股份有限公司,江西
76,6938902618082,拉芳营养柔顺洗发露（滋润修护）,200ml,瓶,10.9,拉芳,拉芳家化股份有限公司,广东
566266,6903148044728,护舒宝透气纯棉感轻薄护垫淡香40片包,40片,包,7.50,护舒宝,广州宝洁有限公司,广东
724210,6935306731836,佳韵五彩百洁布JY3183,-,袋,4.9,佳韵,无锡市佳韵生活用品有限公司,无锡
1016974,6901121301615,500kg高富力2型洗洁精,500kg,支,139,高富力,广州市浪奇实业股份有限公司,广州
660107,6908203002934,七匹狼休闲男袜00293双,针织品,双,7.3,七匹狼,浙江开倜服饰有限公司,浙江
759528,6901350337201,服装剪(锻制)12,PC-12,把,59,张小泉,张小泉股份有限公司,浙江	杭州	
232182,6918819133342,兴财多用蒸锅,30CM,个,89,兴财,揭阳市兴财金属制品有限公司,]
669286,6923104100510,酸枣,258克,包,8.5,常 忆,靖安县宏达食品有限公司,G
862276,6924094600059,wooger伍歌r-665,2.1多媒体音箱,袋,195.00,伍歌,宜黄县洪胖子绿色食品开发有限公司,江西
658853,6903148086759,佳洁士双效炫白牙膏120g,165G,支,12.50,佳洁士,广州宝洁有限公司,广州
615079,6903148092194,玉兰凝萃草本健康嫩白香皂115GX3,345G,块,9.9,玉兰油,广州宝洁有限公司,广州
811359,6921995706095,厨宝牌花生油900毫升,900ml/瓶,瓶,21.90,厨宝,番禺合兴油脂有限公司,广州
252475,6909931461116,多力芥花油2.5L,2.5L,瓶,48.50,多力,佳格投资(中国)有限公司,上海
731,6907992500010,优酸乳乳饮料——原味,250ml,盒,1.80,伊利,内蒙古伊利实业集团股份有限公司,内蒙古
985826,6923319100749,忠来黑木耳,60g/袋,包,15.0,忠来,南京忠来果品食杂有限公司,南京
594950,6926045979115,男弹力棉三角裤,M,9,33.9,港莎,上海华港服饰有限公司,上海
254331,6909031512886,澜沧江  10度  620ml  普啤酒,620ml   *   12瓶/件,瓶,3.0,澜沧江,云南澜沧江酒业集团有限公司,云南
656395,6947503709006,圆珠笔,ABP02302,支,2,M&G晨光,上海晨光文具股份有限公司,上海
331220,6925615839385,350全脂甜奶粉,25克*14,袋,21,古城,山西古城乳业集团有限公司,山西
914,6924011400045,女主角20片超薄贴身日夜兼用干爽网面卫生巾270mm,包,包,6.00,女主角,河北义厚成日用品有限公司,河北
631059,6901064000323,灭害灵杀蟑胶饵,10g,片,15.7,灭害灵,中山凯中有限公司,广东
452743,6927036810936,皇家威士葡萄酒,750mL/瓶,瓶,20.5,云门庄园葡萄酒业有限公司,青州市云门庄园葡萄酒业有限公司,山东
288254,6901009904433,烟台长城干红葡萄酒（赤霞珠）750ML,750ml/750ml,瓶,48.00,长城,中粮集团有限公司,烟台
810244,6934301700427,祥橱100g胡椒粉（塑料瓶）,100g/瓶,袋,8.9,祥橱,江西旺发高新技术产业开发有限公司,南昌
548636,6937082260869,【体验店】味聚特特级口口脆榨菜60g,60g,袋,1.8,味聚特,四川省味聚特食品有限公司,四川
262760,6905418005132,小王子聪明棒 338g,338g,包,20.80,小王子,浙江小王子食品有限公司,杭州
164976,6902952886876,茅台迎宾酒（嘉宾特制）,375ml×2,盒,348,茅台迎宾,贵州茅台酒股份有限公司,贵州
761028,6923889801619,800g核桃枸杞粉,800g,盒,68,唐纳兹,杭州唐纳兹食品有限公司,杭州
271711,6903254200919,惠尔康冬瓜茶（24入）,248毫升*24,箱,20.00,惠尔康,厦门惠尔康食品有限公司,厦门
259166,6907476326501,广乐650克红油春笋,650,瓶,17.5,广乐,四川广乐食品有限公司,四川
1034352,6907925991113,飞帆1段婴儿配方奶粉盒装400g,400g,盒,88.00,飞鹤/飞帆,黑龙江飞鹤乳业有限公司,黑龙江
679785,6927462200967,市区预订 次日配送 金锣140g脆脆肠 原味,140g,袋,4.00,临沂金锣投资有限公司,临沂金锣投资有限公司,内蒙古
876129,6940446200036,阳光牌5磅鸭嘴注塑保温瓶,2L,只,19.9,阳光,上海吉力容器制造有限公司,上海
368482,6923790701213,忆江南铁观音礼盒500g,500克/盒,袋,480.0,忆江南,杭州忆江南茶业有限公司,杭州
413549,6921882121383,复方酮康唑软膏,10g,支,7,皮康王,滇虹药业集团股份有限公司,滇虹
969434,6902595001964,阿里山手剥碧根果,138克/袋,袋,23,阿里山,江苏阿里山食品有限公司,江苏
366831,6923943200044,老山牌蜂王浆冻干粉,0.5g*60包,盒,118,老山,南京老山药业股份有限公司,南京
783228,6902007010379,新立丰恒顺珍品醋,580毫升*12,瓶,16.00,恒顺,江苏恒顺醋业股份有限公司,地
426871,6921014012688,海珠12度,500毫升易拉罐,罐,3.8,海珠,麒麟啤酒(珠海)有限公司,珠海
885877,6921304455836,56克纯麦饼,56克,袋,0.8,格尔,福建格尔食品贸易有限公司,福建
743846,6905296003978,45度枝江大曲礼盒//盒,42°,盒,46,枝江大曲,湖北枝江酒业股份有限公司,G
642823,6926055520116,三爽黄山毛峰绿茶 50g/筒,50g;50;三;筒;绿茶,筒,50.00,黄山毛峰,黄山市农家茶叶有限公司,黄山
640033,6928905939178,影视龙迷你黑白电视机8# 218-88D/台,218;8#;台;迷你;黑白,台,23.10,影视龙,义乌市邦兆袜厂,深圳
999490,6903244540285,安儿乐婴儿纸尿裤,其他,袋,75.9,安儿乐,福建恒安集团有限公司,27
383573,6923286604080,姚生记椒油手剥山核桃,150g,包,21.20,姚生记,杭州民泽科技有限公司,杭州
474,6920174735703,立白超洁清新无磷洗衣粉2.118kg,2.118kg,袋,21.00,立白,广州立白企业集团有限公司,广州
922334,6908308001283,妇健护儿健纸尿裤14P小,小码,包,14.1,锡晒你,广东妇健企业有限公司,广州
291923,6938029400010,老灶煮花生,400克,袋,10.8,老灶煮,四川老灶煮食品有限公司,徳阳市
278042,6902007020064,375g镇江玻璃罐嫩姜,-,瓶,10.5,恒顺,江苏恒顺醋业股份有限公司,江苏
848623,6920307200559,山楂酱,280g,瓶,8.8,兆丰,保定兆丰缘食品有限公司,保定
299277,6935718400023,香辣香椿200克,200克,瓶,7.2,燕来香,西安美和食品有限责任公司,西安
894156,6920267900445,鲍汁蚝油王,730g,瓶,11.7,凤球,东莞市永益食品有限公司,东莞
248937,6911754102435,100g陈村粉葱爆排骨面,100g,包,1.5,陈村,佛山市顺德区春晓食品有限公司,番禺
959106,6921609488249,齐鲁料酒,500ml,瓶,14.9,齐鲁,淄博齐鲁酿造有限公司,齐鲁
726413,6937451831294,不二家(4支装)果味棒棒糖25g*128,25g/盒,袋,3.80,不二家,不二家(杭州)食品有限公司,杭州
829608,6922442300422,260g胖子清油火锅,260g,袋,11.5,胖子,重庆胖子天骄食品有限公司,重庆
214000,6920152484067,康师傅食面八方葱油拌面,盒装,盒,4.50,康师傅,杭州顶益食品有限公司,浙江杭州
349776,6924665812218,振汉超薄中号童袜,size 14,双,7.9,振汉,浙江振汉袜业有限公司,475
612294,6934153900181,心萌缘羊肉胡罗卜水饺800g,800g,袋,23.4,心萌缘,新疆心萌缘农产品深加工有限责任公司,新疆
198779,6923052600797,龙须面,250g*20包,包,23.3,兴盛,厦门兴盛食品有限公司,厦门
363143,6924083400431,蓝带 金装啤酒 640ml/瓶,640ml/瓶,瓶,6.9,蓝带啤酒,肇庆蓝带啤酒有限公司,肇庆
164687,6948195860327,特选珍珠米,5千克,袋,40.00,香满园,益海嘉里食品营销有限公司,黑龙江
810958,6905596000738,威龙至樽干红,750,瓶,27.80,威龙,威龙葡萄酒股份有限公司,山东
214727,6920182800042,肉粉松,75g,袋,17.7,0,太仓佳梅食品有限公司,上海
702165,6940250300854,香菇木耳,160g,袋,2.9,恒谊,四川省恒谊食品有限公司,四川
182710,6931005101192,700g姥山糖水黄桃罐头,700g*9瓶,瓶,11.8,姥山,安徽同泰食品集团有限公司,合肥
302406,6935170418185,修正液,",",瓶,20.8,乐普升,广东乐普升文具有限公司,广东
564841,6940375710262,旺旺哎呦牛排味飞薯片,薯片,袋,30.00,旺旺,合肥旺旺食品有限公司,安徽合肥
217595,6920307200467,糖水白桃,500g,瓶,7.9,兆丰,保定兆丰缘食品有限公司,保定
285720,6901236380550,维达纸手帕,6小包,包,3.8,维达,维达商贸有限公司,地
603497,6935490299013,福泰隆 养生堂 母亲香辣味牛肉酱220g,220克,瓶,13.90,母亲,养生堂浙江食品有限公司,浙江安吉
162741,6901295481359,红双喜3005型球拍*12删,12;3005;球拍;红双喜,副,129.00,DHS/红双喜,上海红双喜股份有限公司,上海
394554,6922731800817,ABC卫生护垫,163mm,包,7.90,ABC,广东景兴健康护理实业股份有限公司,南海
685186,6930767300010,蜜丝魅影907#圆领加厚打底衫女士t恤,s-2xl,袋,48.00,蜜丝魅影,东莞市诗帛服饰有限公司,丹阳
276213,6902143500031,安速蟑螂屋3个庄,3枚/盒,盒,18.50,安速,天津阿斯化学有限公司,天津
273348,6902902008013,800ml美味鲜鲜味生抽王,800ml,瓶,6.3,美味鲜,广东美味鲜调味食品有限公司,广东
703711,6948195860525,优选东北大米,25千克,公斤,150.00,金元宝,益海嘉里食品营销有限公司,黑龙江
1016425,6901009903467,沙城长城梅鹿辄干红,750ML,瓶,53.5,长城,中粮集团有限公司,沙城
910683,6901826868741,南孚7号碱性电池,7号,卡,16.0,南孚,福建南平南孚电池有限公司,宁波市
586080,6943230407109,格多莱时尚提花内衣,内衣;提花;时尚,盒,98.00,格多莱,苍南格多莱制衣厂(普通合伙),上海
841067,6923052900330,核桃铁棍山药,240ml罐,支,20.4,顶圣、营养地带,江苏顶圣食品科技有限公司,山东
901821,6922266435287,清风软抽式卫生纸,100抽/包，3包/提,包,4.00,清风,金红叶纸业集团有限公司,苏州
493099,6930387581530,笑爽日用纤巧亲肤棉柔,纤巧棉柔日用,包,6.6,笑爽,江苏三笑集团有限公司,江苏
217924,6920354803222,贝齿漱口水-特凉薄荷-500ml,500ml,瓶,31.9,高露洁,高露洁棕榄(中国)有限公司,广州
603803,6901496993378,酸酸乳，草莓味，灭菌含乳饮料,-,箱,38.18,梁丰,江苏梁丰食品集团有限公司,江苏
483891,6928915178888,宝力杀杀虫气雾剂D型,600ml白装,瓶,21.80,？力杀,佛山市南海奥帝精细化工有限公司,广东南海
408069,6922250198068,高寒雪菊,60克,盒,56.7,尼亚人,新疆绿康罗布麻有限公司,新疆
777021,6930867618176,贝克龙弹力棉内裤,内裤;弹力棉,盒,9.90,贝克龙,苍南县宜山华丰制衣厂,浙江温州
284256,6901234567847,eee,e,袋,30.0,千岛,中国物品编码中心,浙江淳安
210430,6920012100076,玉童鸡肉丸,200g,袋,13.8,正大食品,青岛正大有限公司,山东
599335,4891338014045,黑人宝贝兔可乐味儿童牙膏40g,40g/40g,20,6.50,黑人,深圳市东华通贸易发展有限公司,广东
844370,6934429166396,银丰松脆咸饼干,200*24,包,32.7,银丰食品,福安市银丰食品有限公司,福安
907524,6921051600381,220g明花山楂酱,220克,瓶,14.8,明花,保定市明花食品有限公司,河北
212109,6920005771023,双灯400克白方卫生纸,1*20,包,5.5,双灯,胜达集团江苏开胜纸业有限公司,射阳
992799,6925303770310,统一巧面馆红油味老坛酸菜牛肉面,面饼+配料 125克，面饼：85克,桶,4.00,统一,统一企业(中国)投资有限公司,成都
183849,6926032302162,A4，2寸三面插袋文件夹，3孔D型夹,A4,本,56.9,comix齐心,深圳齐心集团股份有限公司,深圳
442888,6921655322153,什锦水果罐头,1250g/瓶,瓶,18.1,达声,保定市大明食品有限公司,河北
861090,6926092921136,宫灯杏仁蜜,200ML,瓶,5.50,宫灯,苏州凌琳日化有限公司,上海
444530,6921734993748,得力薄型复写纸100张 规格127.5*185mm 32K 色别：双面蓝色,色泽均匀柔和，表面光,本,5.50,得力,得力集团有限公司,浙江宁海
216530,6920226700123,珍味拉花饼干,510g,盒,6.3,雅乐,柳州雅乐食品有限责任公司,柳州
937216,6928405120236,红太阳双黄蛋,超级，10只装，咸蛋,盒,77.2,红太阳,高邮市红太阳食品有限公司,江苏高邮
402352,6922456805166,康师傅绿茶（蜂蜜茉莉味）,500ml,瓶,2.50,康师傅,重庆顶津食品有限公司,重庆
736857,6934153900013,宁波黑芝麻汤圆400g,400g,袋,22.1,心萌缘,新疆心萌缘农产品深加工有限责任公司,新疆
245162,6914068009582,CR001洁柔C&S215抽抽取式纸面巾,200mm*155mm*215抽（二层）,包,4.9,洁柔,中顺洁柔纸业股份有限公司,广东
888341,6914199192245,五琼酒兼香型45_,-,瓶,33.2,五琼浆,江苏五琼浆酒业有限公司,江苏
730976,6921101210478,看着棒棒糖果味硬糖,30g,个,1,蜡笔小新,蜡笔小新(福建)食品工业有限公司,福建
378301,6923503838212,20片乐之惠绿茵柔棉护垫,1*24,包,2.5,乐の惠,佛山市志达实业有限公司,8
794672,6911652293266,鳄鱼宝宝青苹果沐浴露1100ml,1.1kg/1.1kg,瓶,21.50,鳄鱼宝宝,广州丽信化妆品有限公司,广州
734,6907992507156,伊利 QQ星 儿童成长牛奶饮品 草莓味 200ml,200ml*4（排）,瓶,2.00,伊利,内蒙古伊利实业集团股份有限公司,河南
316153,6926172300042,惠锋堡香草冰淇淋60g-120g,60g-120g,袋,22.5,惠锋堡,磐石市惠锋堡饮品有限公司,西安
821150,6935306732376,佳韵生活中号网格洗衣袋,-,个,9.8,佳韵,无锡市佳韵生活用品有限公司,无锡
807853,6927462201100,世纪金锣,50克*10,袋,17.8,临沂金锣投资有限公司,临沂金锣投资有限公司,山东
285836,6901206007494,塔牌陈年加饭酒,600ml,瓶,6.9,塔牌,浙江省粮油食品进出口股份有限公司,浙江
185050,6904432910057,580g维维牛奶加钙麦片,-,袋,23.00,维维,维维食品饮料股份有限公司,徐州
793410,6902878112264,唐人神香鸭500g（袋）,500g/袋,袋,33.80,唐人神,湖南唐人神肉制品有限公司,166
738126,6903148047491,舒肤佳金银花/菊花清新怡神型香皂捆绑装,375G,块,14.5,舒肤佳,广州宝洁有限公司,广州
745148,6924444201110,伊诗美(美姿)绿茶舒爽沐浴露(不分~不分)1284_1300毫升,1300ML/瓶,瓶,7.7,伊诗美,广州市丹莹化妆品有限公司,广州
905869,6902137990039,三七药物牙膏(蓝),120克,支,3.9,三七,昆明牙膏有限责任公司,昆明
660106,6908203002880,七匹狼休闲男袜00288双,针织品,双,6.7,七匹狼,浙江开倜服饰有限公司,浙江
483453,6928824600043,海鸥袋装洁厕粉500g,500g,袋,3.6,海鸥,上海明皓清洁用品有限公司,上海
288004,6901028055352,红河条装,硬88/条,条,100.0,红河,红云红河烟草(集团)有限责任公司,红河
789760,6930029100020,玻璃杯002,1*60,袋,24.0,福龙泉,临沂市兰山区天泉塑料制品厂,贵阳
596672,6938694539060,金玺印花夏凉被,200*230,8,139,金玺,上海项氏家纺实业有限公司,上海
321064,6926032336259,1#黑色长尾夹(筒装）,0,盒,14,comix齐心,深圳齐心集团股份有限公司,广东
803230,6922043169916,珍奇味鱿鱼丝,225g,包,29.0,图1,广东珍奇味集团有限公司,广州
584223,6947359191642,美国狼鳄自动休闲皮带,-,7,89.00,美国狼鳄,无锡招商城锦屏皮具商行,广东
634365,6921776398013,42度500ml颐生大曲酒,-,瓶,8.1,颐生,南通颐生酒业有限公司,南通
605906,6937131883360,相思鸟3336-3男袜,-,16,49.80,红豆,红豆集团公司相思鸟服饰有限公司,无锡
263149,6905321379115,会稽山典藏五年绍兴花雕酒,500ml,瓶,47.5,会稽山,会稽山绍兴酒股份有限公司,浙江绍兴
210460,6920028033061,男式休闲鞋,77127,只,22.4,levis,利惠商业(上海)有限公司,上海
809104,6915013100798,世纪龙真空紫砂生态杯/套,500ml,套,279.0,贵族,湖北贵族真空科技股份有限公司,湖北
424601,6920908708577,蝶安芬女士内裤,1*2盒,盒,18.6,蝶安芬,中山市蝶安芬内衣有限公司,广东中山
760637,6932562030024,（银牌）幸福人生游戏棋,*,盒,49,大富翁,福州亚湾文具有限公司,福州
553147,6912003006498,天堂雨衣T071,230T春亚纺,套,36.6,天堂伞,杭州天堂伞业集团有限公司,杭州
947858,6921459700072,玉米油,5L,瓶,78,建华,四川成都建华食品有限公司,四川
689300,6932459700689,大唐小吃沙豌豆,长方形塑料袋包装,包,4.9,寻唐记,成都唐记食品有限责任公司,成都
264901,6904866169441,金鹿杀虫气雾剂芳香型,600ml,瓶,19.9,金鹿,福建省金鹿日化股份有限公司,南安
444209,6921718051976,辣妹子桔片爽500g,500g,瓶,8.2,辣妹子,辣妹子食品股份有限公司,335
700997,6939070500018,红枣莲子八宝粥,320g*12,瓶,2.0,绿鸳,石家庄绿一村食品有限公司,中国
365807,6924009700249,24CM鼓形不粘汤锅,24cm,个,18.3,倍得福,浙江倍得福电器有限公司,浙江
263995,6905183981082,威士雅八角参糖280g,227g,盒,31.9,威士雅,广东威士雅保健品有限公司,潮洲安埠
1020901,6901798111500,52度泸州老酒坊十年陈酒,500*6,瓶,188,泸州老酒坊,泸州老窖股份有限公司,四川
278159,6902018994781,38度古井烧酒,250ml,瓶,5.6,古井,安徽古井贡酒股份有限公司,中国
979329,6923935900099,盐酸二甲双胍肠溶片,0.25g*48片,盒,10,安多可,贵州天安药业股份有限公司,贵州天安
926061,6911569004184,足够牛火腿肠,252克（28克*9支）,袋,7,旺润,南京雨润食品有限公司,南京
199493,6926199269612,北京二锅头白酒56度2L,2000ml,桶,19.9,举世峰,北京市酒中久酒业有限公司,北京
291442,6900082020429,进口 公仔炒面王蕃茄肉酱味 净含量109g 酸甜鲜香,117g/碗,盒,6.50,公仔,珠海市金海岸永南食品有限公司,香港
821,6902890235019,小康之家火腿肠,支,支,6.0,双汇,河南省漯河市双汇实业集团有限责任公司(简称:双汇集团),漯河
426643,6921069311125,中华(南风)透明皂,196g*3,包,8.9,中华,西安南风日化有限责任公司,西安
408786,6922246700015,闽河液--龙行天下(帝王酒）零售价：688600ml,600ml,瓶,31.1,闽河液,福州青酿酒业有限公司,内蒙古.通辽
217129,6920280731866,清水不锈钢咖啡壶,SM-3192-190,只,108.00,SHIMIZU清水,上海清水日用制品有限公司,上海
460276,6927477900029,金榕新潮托杯架Y-002,Y-002,只,21.9,金榕,江门金榕家庭用品制造有限公司,广东
238319,6916432200014,长康白醋,500ml,瓶,4.80,长康,湖南省长康实业有限责任公司,湖南
246363,6912273000288,400g骏驰绿豆面,400克/扎,把,23.8,骏驰,广西五丰粮食集团有限公司,南宁
299614,6935530300105,忆春酒32125ml,125ml,瓶,25.6,青春宝,杭州青春宝健康产品有限公司,杭州
740735,6936397018011,澳柯玛电磁炉18A台,18a;台;电磁炉,台,12.00,Aucma/澳柯玛,佛山市顺德区容桂澳美斯电器厂,广东
315379,6926235100053,寨子老醋800ml精酿老醋,800ml精酿老醋,桶,14.6,寨子,南皮县广盛源调味品有限公司,长春
486016,6928964300018,麦格丽超浓缩天然植萃柔和焕白洗衣液2L,2L,个,12.9,megalithe麦格丽,上海霍默化工产品有限公司,广东
288866,6901028024624,娇子（精品）,包,盒,60.00,娇子,四川中烟工业有限责任公司,成都
340086,6925121600370,蓬江地牯牛500g袋,1*25/包,包,8.6,蓬江,重庆市蓬江食品有限公司,245
854700,6925954406927,8692洁丽雅面巾,76*34,7,27.0,洁丽雅,浙江洁丽雅股份有限公司,浙江
702663,6941083431104,女士内裤,L,条,34.9,爱莎,中山市小榄镇金龙制衣厂(普通合伙),广东
637266,6932578814335,肤美奇止痒除菌沐浴露400ML,140,瓶,106.00,无,广州市米雪兰化妆品有限公司,广州
298331,6936050100091,氟派酸胶囊,5板*12粒*0.1 g,盒,8,太原,山西太原药业有限公司,山西太原
983817,6930525820019,董公酒,39度   450ml,瓶,7.8,董公牌,山东董公酒业有限公司,山东
834846,6935138251441,味之家秘制红烧牛肉面 零售价：1.5元/包,净含量103克面饼85克,袋,1.5,味之家,安徽新锦丰企业投资集团有限公司,河北
416963,6921233903286,300G金富士脆美司蔬菜饼干,300g/300g,袋,9.90,金富士,广东金富士生物科技食品有限公司,广东东莞
748220,6940306600136,庭美200支硬圆罐牙签,TD,9,1,庭美牙签,广州市白云区泰达日用制品厂,广州
738435,6901434008140,金剑南（御酿）,500ml,瓶,178.0,剑南,四川绵竹剑南春酒厂有限公司,四川
563403,6947359100194,狼鳄男包,-,1,35993.60,美国狼鳄,无锡招商城锦屏皮具商行,广东
332402,6925485988367,水仙风油精3毫升,每瓶装3毫升。,瓶,2,水仙,漳州水仙药业股份有限公司,福建
736393,6932120400351,福兴纯棉四件套,120*200cm,套,399.0,福兴,福州福兴纺织装饰用品有限公司,福州
502486,6931005100775,姥山720g糖水什锦罐头,720g*12瓶,瓶,10.2,姥山,安徽同泰食品集团有限公司,安微
285968,6901121300373,500g万丽衣领净,500ml/瓶,瓶,7.90,万丽,广州市浪奇实业股份有限公司,广州
845242,6920120100616,兰州百合200g,50g/50g,袋,100.0,八荒,福建省古田县大丰工贸有限公司,福建
628722,6935076000132,金潭娇龙儿童内衣,20*26*1,套,30.20,金潭娇龙,杭州萧山南阳金龙内衣厂,杭州
507202,6931302300373,玉带蚕豆,200g/袋,包,35.1,杭辉,杭州远通食品有限公司,杭州
822493,6930394100991,兴瑞赤砂糖塘,450g,袋,6.5,晶瑞,南京金瑞食品有限公司,江苏南京
376414,6923523283191,花慕兰超级美白洗面奶,30克,支,19.6,仙柏丽儿,佛山市南海丰婷美容保健品有限公司,广州
423669,6920839800012,闫氏亮神皮革护理剂,150毫升瓶装,瓶,68.00,闫氏,北京市洁宝日化公司,北京
603609,6926433491465,名士威中老年核桃粉礼盒800克,800克/盒,9,75.00,名士威,桂林名士威食品有限公司,广西
1018329,6922214710015,三色杯冰淇淋,115克,盒,3,光明,上海益民食品一厂(集团)有限公司,上海
489261,6930200800053,可可舒丝苗米,5kg,袋,43.5,可可舒,重庆可可香粮油有限公司,重庆
232243,6919188001300,海霸王花生汤圆200g,200g,袋,5.80,海霸王,海霸王(汕头)食品有限公司,地
216816,6920267900070,食用调和芝麻香油,900ml,罐,12.8,鸿禧,东莞市永益食品有限公司,东莞
1039548,6902265114420,海天威极陈醋800ml,800ml,壶,7.50,海天,佛山市海天调味食品股份有限公司,广东
221844,6920407301941,丰收桂坊陈(三年陈)750ml,750ml,瓶,16.5,丰收,北京丰收葡萄酒有限公司,北京
553049,6911348432191,全无敌无香电热蚊香液45ml*2送加热器,45ml*2,盒,19.80,全无敌,江苏庄臣同大有限公司,江苏
522936,6932471600042,奇峰香脆瓜子-200g200g,200g,包,16.8,奇峰山庄,连城县奇峰食品厂,上海
846520,6903066004392,王氏牛奶牛奶加钙营养麦片,10*1000,袋,28.8,王氏,南京王氏食品有限公司,南京
989356,6911988014290,500ml水蜜桃味双优先,瓶,瓶,8.70,福建省达利食品集团有限公司,达利食品集团有限公司,福建惠安
1024593,6919351001083,125ml沙沟香油,-,瓶,10.5,沙沟,新沂市沙沟香油有限公司,新沂
236117,6916860000026,白砂糖,1Kg,袋,8.6,玉棠,上海市糖业烟酒(集团)有限公司,上海
756681,6931025801867,贝亲—产后束腰带（粉/LL）,LL,盒,121.3,贝亲,贝亲管理(上海)有限公司,日本
223031,6920521900525,洗衣液,2Kg,袋,17.30,贝贝熊,北京市大宝日用化学制品厂,459
1040420,6922939231628,旺旺碎冰冰(可乐味),78ml,支,1.00,旺旺,杭州神旺食品有限公司,南京
656409,6928170200034,易能通ET-836BB93,B93,个,25.0,易能通,广州易能通贸易有限公司,广州
221517,6920468801831,泛洋牌免煮燕麦片700克,700克,包,10.7,泛洋,东莞市日隆食品有限公司,香港
494710,6930494500134,滋润嫩肤沐浴露,1300ml,瓶,22.9,君采,中山市长兴实业有限公司,广东
239669,6915530823316,冬瓜汁饮料,250ml/盒,盒,1,嘉乐,中山市嘉乐保健饮料有限公司,中山
281977,6901584062610,张裕干红葡萄酒,750ml,瓶,39,张裕,烟台张裕葡萄酿酒股份有限公司,山东
539025,6934023000560,散装香肚,散称,只,16.7,如皋牌、寿之源,江苏长寿集团股份有限公司,南通
751178,6902779319779,法国花香沐浴露,1100ml,瓶,38.0,馥珮,汕头市雅娜化妆品实业有限公司,G
257090,6907974973306,开米婴儿专用洗衣500ml,500G,瓶,50.00,开米涤王,西安开米股份有限公司,西安
923612,6901028345576,上游(蓝新),84mm 硬/包,包,2.5,上游,浙江中烟工业有限责任公司,浙江宁波
191545,6902022133046,蓝月亮宝宝洗衣液瓶1kg,1kg/瓶,瓶,48.0,蓝月亮,蓝月亮(中国)有限公司,广州
449050,6926872600060,尤维斯牌大豆磷脂软胶囊,120g(1.2mg*100粒),盒,67,尤维斯牌,天津万宁保健品有限公司,天津
288184,6901028050838,石林(全硬精品),84mm 硬/条,条,¥80,石林,红云红河烟草(集团)有限责任公司,曲靖
557617,6924787601318,250g黑麻酥糖,250g,袋,10.9,鸿英,杭州鸿福食品有限公司,浙江杭州
951207,6917541771716,速溶椰子粉,360g,包,32,春光,海南春光食品有限公司,春光
225891,6920595901152,百乐麦荞麦面,400g,袋,4.8,百乐麦,青岛百乐麦食品有限公司,山东青岛
192337,6902212014902,50度西凤喜酒,500mL,瓶,78.0,西凤,陕西西凤酒股份有限公司,陕西
282095,6901447589629,力神炭烧咖啡,17克*10*24,盒,15.3,力神,海口力神咖啡饮品有限公司,海南
421721,6920785500158,海之韵3000ML汤钵盖,3000ML,个,309.0,锦晖陶瓷,重庆锦晖陶瓷有限公司,重庆
1039427,6901028191111,白沙(硬精品二代)200支,200支,条,96.00,白沙,湖南中烟工业有限责任公司,长沙
238173,6916499300863,高营养蛋白质,20g*15袋*2罐,盒,246.00,金日牌,金日制药(中国)有限公司,香港
250205,6911400283075,遥控车,1辆/盒,辆,88.0,AULDEY,奥飞娱乐股份有限公司,广东
999614,6902538003581,饮用纯净水,4L,瓶,7.5,乐百氏,达能(中国)食品饮料有限公司,中山
818021,6927469700088,泡椒凤爪,100g,包,4.9,怡欣村,重庆市怡欣村食品有限公司,重庆
158786,6922432218263,500ml诗涛桂花空气清新剂,130,瓶,28.80,无,广州法德美化妆品有限公司,广州
658843,6903148058985,PTN COND 300ML STRT & WEIGHT LEAVE ON,300ML,瓶,25.7,潘婷,广州宝洁有限公司,G
583669,6941083484360,男仕内裤,M,9,25.3,健将,中山市小榄镇金龙制衣厂(普通合伙),中山
241661,6915389900107,硬质炒锅,PC36C1,只,219,苏泊尔,浙江苏泊尔股份有限公司,浙江
350199,6924746200361,南北特 长沙臭豆腐 80g 休闲食品,80g,包,7.0,南北特,深圳市南北特贸易有限公司,湖南
455168,6927120900024,万家欢淮山莲子面420g,420g/包,包,10.80,万家欢,广州市万家欢食品有限公司,广州
273690,6902674109338,30#兰陵陈酿,500mL,瓶,11.70,兰陵,山东兰陵美酒股份有限公司,兰陵
632134,6911569003491,鹅肉肠,350克（35克*10支）,袋,5.9,旺润,南京雨润食品有限公司,南京
702300,6940446200067,阳光鸭嘴不锈钢保温瓶,2L,只,69.9,阳光牌,上海吉力容器制造有限公司,上海
962017,6932952520050,阿旺桂圆/袋,-,袋,67.5,阿旺,常州市旺迪食品有限公司,福建
594141,6922266439094,清风软抽面纸,单包装,包,6.00,清风,金红叶纸业集团有限公司,苏州
230819,6918976150022,雀巢优活包装饮用水@1.5L CN,1.5L,瓶,48.00,雀巢优活,上海雀巢饮用水有限公司,沪
993223,6925710500128,优锌铁配方米粉,５６０克／罐,包,49.0,贝智康,上海花冠营养乳品有限公司,上海
387742,6923030060773,多功能保洁架,二层,个,40.2,金凯,汕头市金凯塑胶实业有限公司,汕头
1040141,6920584452245,旺旺挑豆随手包（豌豆）,45g,包,3.50,旺旺,长沙旺旺食品有限公司,长沙
807,6902890232438,双汇弹脆香肠 400g 10支,40gx10/40gx10,包,14.30,双汇,河南省漯河市双汇实业集团有限责任公司(简称:双汇集团),漯河
158059,6933506023218,倍力乐天然胶乳水溶性安全套白领专用,52±2mm,盒,30,倍力乐,桂林恒保健康用品有限公司,无锡
783573,6931699802825,茅台醇福满缘酒,52°450mL×6,瓶,39,茅台牌,贵州茅台酒厂集团技术开发公司,贵州
911018,6903281001091,景志安神口服液,10ml*10支,盒,23,万通,通化万通药业股份有限公司,通化
190243,6928162100373,杰仕洗洁布(抹布~万用抹布~其它)3364_3个长38cm、宽30cm、厚6层,长38cm、宽30cm、厚6层,个,6.7,杰仕,福州鹏鑫塑料制品有限公司,G
396008,6922731840530,ABC 甜睡夜用超级薄 323mm 3片,323mm 3片,包,12.0,ABC,广东景兴健康护理实业股份有限公司,南海
499323,6930905622219,碧桂园纯净水550ml,550ml,瓶,34.67,碧桂园,佛山市顺德区北滘露星饮料有限公司,顺德
833088,6918717126101,洁云加韧180克卷筒卫生纸-单卷,105mm*114mm*3层 180克/,卷,3.60,洁云,上海东冠健康用品股份有限公司,上海
777933,6909200800028,晶华 加碘盐400g,400G/包,包,1.10,晶华,福建省盐业集团有限责任公司,泉州
911755,6926481810195,肉粉松,88克*3,盒,49.9,丰仓牌,太仓市丰乐食品有限公司,太仓
989217,6927156500076,厦门线面250克,250克,包,5.7,福大牌,龙海市福大米面制品厂,漳州
872652,6930859565143,正皇500ml直形真空保温杯,500;500ml;ml;保温杯;直;真,个,78.00,正皇,厦门市正皇生活用品有限公司,厦门
394040,6922779289049,伊珠纯红葡萄酒,720ml 8%,瓶,28,伊珠,新疆伊珠葡萄酒股份有限公司,伊犁
519848,6932209500620,0620 芳草地沐浴花,1*1/个,个,2.8,芳草地,邵武市万家美日用品有限公司,9999
997496,4891893006554,2000g澳宝滋润沐浴露/1*9,2000ml/瓶,支,48.9,澳宝,荣发商行,香港
220749,6920407302818,丰收干红葡萄酒,750ml,瓶,26,丰收,北京丰收葡萄酒有限公司,北京
1003375,6924665813024,振汉花纱系带大号宝宝袜,14,双,12.3,振汉,浙江振汉袜业有限公司,浙江金华
1032896,6919892633606,康师傅3+2苏打夹心饼干（果香蓝莓味）125克,125克,包,5.20,康师傅,天津顶园食品有限公司,天津
353354,6924584901116,三洋电视机CK29F58,CK29F58/台,台,9.0,SAOYO,三洋电子(东莞)有限公司,中日合资
940875,6926265355133,田园薯片－红烧牛肉味,50克,包,3.20,Oishi上好佳,上好佳(中国)有限公司,上海
594230,6901028207850,利群（硬条盒）,200支/条,条,246.00,利群,浙江中烟工业有限责任公司,浙江杭州
842684,6930946900314,50g步步为赢小跟鱼,56克,包,3.20,步步为赢,长沙步步为赢食品有限公司,江西
764401,6926691326424,珍爱金银花杀菌聚餐方巾湿巾20片180mmX180mm,20片180mmX180mm,包,3.1,珍爱,重庆珍爱卫生用品有限责任公司,上海
600412,6901209201479,光明健能风味发酵乳（草莓果粒）,260,杯,8.6,光明,光明乳业股份有限公司,上海
857828,6906959111849,【健康美味 甜润生活】阿胶蜂蜜膏2瓶*550g,550gX2/550gX2,盒,88.0,桃花姬,山东东阿阿胶保健品有限公司,山东
220881,6920407301606,丰收干红葡萄酒,750ml,瓶,42,丰收,北京丰收葡萄酒有限公司,北京
288292,6901028075145,红双喜硬8mg200支,200支,条,80.0,红双喜,上海烟草集团有限责任公司,上海
823876,6927629100277,小籽桂圆干,450克,包,29.5,思念,杭州雅丽食品有限公司,杭州
462519,6927632166635,乡太佬金榜蹄名（猪蹄）,130克,包,21.1,乡太佬,苍南乡太佬食品有限公司,288
317942,6926157600198,山水人阿胶蜜枣 精选百果园的枣118g,118g/包,袋,5.30,山水,山东省沾化县百果园食品有限公司,山东
563129,6944054066169,金橄榄活力亮彩水晶发蜡,100g,瓶,¥18.50,舒丽莎,深圳市舒丽莎日用制品有限公司,广东深圳
615757,6937426405116,RFO0511海福牌精抛皇冠大号尖匙/只,0511;只;大号;牌;皇冠;精,只,10.00,海福,揭阳市润丰不锈钢制品厂有限公司,广东
838073,6903583000594,立志美丽熊果苷美白组合(熊果苷美白洗面奶 活肤美白凝露),90+20g,盒,23.6,立志美丽,立志美丽(南京)有限公司,上海
999785,6902302887652,天使土豆片（椒香麻辣味）50克,50克,袋,3.2,天使,云南天使食品有限责任公司,昆民
547699,6933759327217,安之伴2721休闲睡衣,2721;休闲;睡衣,件,139.00,安之伴,广东安之伴实业有限公司,上海
831095,6931107100024,沙爹牛肉片,35克,包,6.3,马得利,柳州市中元食品有限公司,柳州
8104,6902312178689,榄菊电热驱蚊器,17,合,21.50,榄菊,中山榄菊日化实业有限公司,中山
791162,6917935002150,NISSIN日清合味道海鲜风味84克,84克,杯,4.90,NISSIN日清,广东顺德日清食品有限公司,珠海
917481,6921439801492,杰士派定型喷雾加强定型180g,180g,支,36.9,杰士派,中山市丽达化妆品有限公司,中山
818625,6921734900104,得力0010订书钉10#(1000枚/盒),No.0010；1盒,盒,0.70,得力文具,得力集团有限公司,浙江
998034,6904007601793,巧克力味牛奶饮品,200ml,包,1.0,银桥,西安银桥乳业(集团)有限公司,西安
780252,6928302525356,安妮芳女弹力棉三角裤2579-XXL,1*1,盒,21.9,安妮芳,中山市小榄镇光大制衣厂,中山
882897,6928326400028,五洲卫生纸(1层~不分~平板式卫生纸 ~不分)4613_200抽(400克)200抽(400克),200抽(400克),袋,126.3,五洲,江苏新大纸业有限公司,新沂
984367,6923117505920,原味藕粉袋装,360克,包,21.1,甜香园,杭州甜香园食品有限公司,上海
674356,6925253903011,Rio无糖薄荷糖 香浓蜜瓜味14g,14g/14g,袋,29.0,Rio,江门瑞怡乐甜味剂厂有限公司,江门
941254,6931792200030,鲜烤鳕鱼(蜜汁）,40g,袋,13.9,元臻,上海赛林食品有限公司,上海
988943,4897878000104,出前一丁即食面-红烧牛肉*,100g/包,袋,5.80,出前一丁,NISSIN FOODS CO LTD,香港
864902,6906785010385,52°红星珍品二锅头青瓷礼盒500ml×2,500mL,盒,239.00,红星牌,北京红星股份有限公司,北京
761453,6907766884513,丰谷清朝52度488毫升,488ml*6盒/件,瓶,93.60,丰谷,四川省绵阳市丰谷酒业有限责任公司,四川
734898,6934153900068,羊肉芹菜水饺400g,400g,袋,14.7,心萌缘,新疆心萌缘农产品深加工有限责任公司,新疆
188870,8801037006919,韩国进口东西原味烘型大麦茶300g,300g/300g,盒,19.9,东西,深圳市鑫宇洋进出口贸易有限公司,韩国
1039440,6901285991219,怡宝饮用纯净水555毫升,555毫升,瓶,2.00,怡宝,华润怡宝饮料(中国)有限公司,深圳
276822,6902265350750,海天蚝油蚝油皇,705克,瓶,8.10,海天,佛山市海天调味食品股份有限公司,广东	佛山	
966899,6920120300030,日清纯正香麻油,150ML,瓶,12.5,甘露,镇江京友调味品有限公司,江苏
880797,6923044200226,福泰隆 田歌 松花蛋/皮蛋496g（8枚）,1108/盒,盒,20.50,田歌,浙江田歌实业股份有限公司,浙江	武义	
315953,6926225500139,野菊花蜂蜜500g,500g,瓶,23.3,田之味,江西上高县华侨蜂产品有限责任公司,江西
270260,6903254688076,惠尔康冬瓜茶（单包）,248毫升,盒,1.00,惠尔康,厦门惠尔康食品有限公司,厦门
513,6911988006523,45克可比克蕃茄味薯片,45g,桶,3.00,可比克,达利食品集团有限公司,福建
852598,6926032336570,5#彩色长尾夹（卡装）,0,卡,45.3,comix齐心,深圳齐心集团股份有限公司,深圳
284413,6901382007059,28度 五粮醇 第III代（2006年产） 500ml,500ml/瓶,瓶,79,五粮液,宜宾五粮液股份有限公司,四川
759161,6922407900087,老周中华圆月极品礼盒500g,500g,盒,8.9,老周,盐城市老周食品有限公司,江苏盐城
792,6902538002690,饮用纯净水,550ml,瓶,1,乐百氏,达能(中国)食品饮料有限公司,河南
283589,6901584210738,至宝特质三鞭酒,750ml,瓶,52.00,至宝,烟台张裕葡萄酿酒股份有限公司,烟台
562959,6936362601026,新家园JLS-0102自动翻盖保温瓶,容量2000mL,1,82,新家园,上海佳侣家庭用品有限公司,上海
356358,6924404220021,250ml古翔大麦酒,250ml,瓶,4.1,鹤庆大麦酒,鹤庆乾酒有限公司鹤庆酒厂,鹤庆
746248,6924534901029,茂盛8#真空杯330ml350ML,350ML,个,8.2,茂盛,潮州市潮安区茂盛年华杯业有限公司,广东
695980,6935775518082,雅洁食品保鲜袋200个,200个,卷,10.6,雅洁,上海鑫强塑料厂,上海
285704,6901236376065,维达卫生纸,10卷,提,33.50,维达,维达商贸有限公司,广东
281730,6901676459427,45%（v/v）500mLx6井台瓶水井坊,45%（v/v）500mLx6,瓶,808,水井坊,四川水井坊股份有限公司,四川成都
191179,6932835307624,真彩3877涂改液/支,涂改液/支,支,3.40,真彩,上海乐美文具有限公司,上海
285726,6901216000010,陈年塔牌老酒,500*12,瓶,4.9,塔牌,浙江塔牌绍兴酒有限公司,浙江绍兴
545538,6943421400339,潇然女士时尚内裤均码,-,包,16.00,潇然,丹阳市古今胸罩厂,丹阳
790837,6943620583802,乐扣保鲜盒直9L HPL838,个,只,111.0,乐扣乐扣,乐扣乐扣日用品(苏州)有限公司,苏州
558067,6925303774172,统一小浣熊烧烤味方便面46g*30,55g*30入,3,1.00,统一,统一企业(中国)投资有限公司,江苏
786680,6931306700063,湖南平江特产炒莲子,炒,袋,40.00,特产,南县桂花园食品有限公司,甘肃
326207,6925863810082,婴幼儿针织连衣裤,3,瓶,31.1,Dp二线,上海丽婴房婴童用品有限公司,上海
742665,6932380601314,BLS3.75果碗/个,个,个,42.80,日旺,乌鲁木齐市日旺玻晶有限公司,广东
423945,6920898700391,松下须刀3042,ES3042S,个,358.0,Panasonic,松下万宝美健生活电器(广州)有限公司,广州
434184,6921311101016,康师傅 水蜜桃汁 水果饮品,250ml,盒,1.2,康师傅,武汉顶津食品有限公司,地
873801,6900463000057,125ml古岭龙酒,1×9×2,瓶,5.9,古岭龙牌,广西柳州市古岭酒厂,广西.柳州
276,6920547827271,美王香果萃柔顺去屑洗发露-滋润柔亮,400g,瓶,15.0,美王,名臣健康用品股份有限公司,广东
713447,6928445400237,可贝尔胶原蛋白水晶面膜(美白祛皱,水晶;面膜,盒,99.00,COBOR/可贝尔,珠海海狮龙生物科技有限公司,珠海
221246,6920476800017,降糖奶粉,300g 400g 500g 900g,袋,49.8,齐梅牌,黑龙江齐梅生物科技股份有限公司,黑龙江
377393,6923520700295,香卤猪肚,200G,袋,32.5,喜旺,烟台喜旺肉类食品有限公司,烟台
937894,6935675301777,去鸡皮美肌沐浴晶,100g,袋,98.0,她芬,徐州市杜方吉枣业食品有限公司,徐州
214047,6920077415726,统一100清炖排骨面袋面,105g,包,2.30,统一,广州统一企业有限公司,福州
357,6910019009489,超能去渍护纤维双离子洗衣液[1.5Kg],1500g/1500g,包,44.80,超能,纳爱斯集团有限公司,上海
159244,6907992101545,QQ星儿童三角奶酪-草莓,140g,盒,15,伊利,内蒙古伊利实业集团股份有限公司,内蒙古
544651,6921192500052,川岛早茶酥饼（蛋奶）,140G 1*24袋,袋,3.5,川岛,成都川岛食品有限公司,天津
241215,6914789540104,保宁手工特制醋,500mL,瓶,17.80,保宁,四川保宁醋有限公司,东莞
945318,6937426405512,RF0550-AB海福牌镀金皇冠大号餐刀/个,0550;ab;rf;个;大号;牌;皇冠,个,55.00,海福,揭阳市润丰不锈钢制品厂有限公司,浙江
494213,6930537761898,复方板蓝根颗粒,15g*15袋,包,4,葛仙翁,桂林葛仙翁药业有限公司,广西
696675,6936040100445,PWK15003经典休闲短裤,PWK15003,个,49,派梵格,深圳零捌玖捌酷电子商务科技有限公司,浙江
341675,6925042528661,双色卡通工艺拖鞋,180mm,双,9.9,快鹿,江苏快鹿鞋业有限公司,江都
708727,6901009903894,沙城长城龙禧久久干红,750ML,盒,100,长城,中粮集团有限公司,通化
101,6933266600230,美年达橙味汽水,2.0L/瓶,瓶,7.70,美年达,济南百事可乐饮料有限公司,青岛
900168,6901028310628,云烟(软如意),条,条,10.0,云烟,红云红河烟草(集团)有限责任公司,云南
1001312,6920267901107,凤球唛鱼露调味汁,340ml,瓶,5.60,凤球唛,东莞市永益食品有限公司,东莞
709896,6930089200586,爱嘉多功能开瓶器058,19*2*1,个,5.5,爱嘉,台州市黄岩信嘉塑胶有限公司,G
923471,6922449400095,水果砧板(26.5cm*17.7),0009/块,块,21.9,新桥,潮州市新桥实业有限公司,广东
263494,6905455001395,金椰果肉,350g/袋,包,27,天际,海南天际食品有限公司,天际
270184,6903429900057,榆树钱酒·八年,52%vol 500ml×6,盒,168,榆树钱,吉林省榆树钱酒业有限公司,榆树
594546,6936515852626,旺旺脆皮花生,95g,3,3.50,旺旺,山东大旺食品有限公司,山东
291173,6900466000122,雪芙莲桂花香皂,120g/块,块,54.4,雪芙莲,桂林雪芙莲日化有限公司,桂林
403435,6922442300019,麻辣鱼佐料300g,300g,袋,15.8,胖子,重庆胖子天骄食品有限公司,重庆
283728,6901294081406,美加净清爽沐浴露1L,1L,瓶,18.6,美加净,上海家化联合股份有限公司,上海
845040,6925863810686,婴幼儿针织休闲套装,1,个,10.9,Dp二线,上海丽婴房婴童用品有限公司,上海
968406,6925414800647,通天红全汁山葡萄酒,740ML    建议零售价：36.8元,瓶,16.7,通天牌,通化通天酒业有限公司,通化
656940,6934537101616,听装西湖龙井,50g,罐,27.1,龙坞,杭州龙都茶业有限公司,杭州
628281,6933951491020,梦芭蕾2+1保暖内衣 套,+1;2+1;保暖;内衣;套,套,89.00,MOON BALLET/梦芭蕾,浙江省东阳市梦芭蕾服饰有限公司,深圳
921077,6920908708690,蝶安芬女士内裤,1*2盒,盒,27.7,蝶安芬,中山市蝶安芬内衣有限公司,广州
821606,6935769139293,晨奇0328橡皮/块,0328;块;橡皮,块,7.00,晨奇,广东晨奇文具实业有限公司,广东
995020,6903148055809,汰渍净白去渍无磷洗衣粉(柠檬清新型)350克,350G,4,2.5,汰渍,广州宝洁有限公司,广州
653653,6921505612724,无糖礼盒_金黄世家_金旺加钙无蔗糖中老年核桃粉_480克礼盒,-,盒,69.90,金旺,常州市金旺食品有限公司,常州
1019581,6923492589119,矿物水感亲肤遮瑕乳 象牙白 5.5ml,5.5ml,瓶,69.0,美宝莲,苏州尚美国际化妆品有限公司,苏州
895013,6901209309823,光明酸牛奶饮品-原味（盒装1000ml）,盒,盒,9.7,光明,光明乳业股份有限公司,上海
321009,6925996500409,手工福寿面,340g*12包,包,3.9,爽口福,上海京元食品有限公司,福建.福州
1022791,6910950000330,鱼肉松,75g/袋,袋,11.5,台之味,天津台之味国际食品有限公司,天津
709159,6934797708839,鳄鱼恤双针精梳棉休闲男袜7620个,25-27/?,件,10.90,无,广州鸿基伟业服装有限公司,广州
987369,6945224100027,洞庭湖熟咸鸭蛋8枚,8枚装,盒,21.80,洞庭湖,武汉农腾农业科技有限公司,湖北
758689,6921734968210,得力思达6821记号笔,2支/袋,支,4.5,得力,得力集团有限公司,宁波
257547,6908061002886,得利斯无淀粉火腿400g,400,根,15.8,得利斯,得利斯集团有限公司,西安
585858,6920043524902,振能不锈钢米筛,28cm,2,29.9,振能,广东振能不锈钢实业有限公司,广东
342894,6925051201029,大特惠原味燕麦麦片,600A,包,12.8,金妹欢喜,汕头市金妹健康食品有限公司,汕头
592979,6927462205290,金锣香甜王香肠90g,90g,支,2.00,金锣,临沂金锣投资有限公司,山东
720235,6937451812224,香醇牛奶硬质型糖组合装（原味＋草莓味）,240克*8罐,盒,55,不二家,不二家(杭州)食品有限公司,日本
555443,6922266438844,清风软抽面纸,单包装,盒,3.80,清风,金红叶纸业集团有限公司,苏州
983495,6901028099974,纯香长白山[条],烤烟型 84mm 硬/盒,盒,50.00,长白山,吉林烟草工业有限责任公司,长春
1011483,6912623001163,琴岛大春暖双温双控双人电热毯,160*140,条,89,琴岛,青岛市琴岛电器有限公司,山东
256683,6908509010039,2000加本侬,750ml,瓶,98,莫高,甘肃莫高实业发展股份有限公司,甘肃
203164,6930859560063,正皇连柄圆铲,圆;柄,支,24.00,正皇,厦门市正皇生活用品有限公司,厦门
630,6933453800139,“红99”牌重庆火锅浓缩底料150g,150克,包,6.00,红99,重庆红九九食品有限公司,重庆
939066,6936034700057,嘉乐博优质真皮鞋垫      J-905,45双*16盒/箱,双,9.9,嘉乐博,温州市青苹果日用品有限公司,475
925826,6943309000071,西王玉米胚芽油  1.8升,1.8L,瓶,39.80,西王,山东西王食品有限公司,山东
